card_name,set_name,type,is_kingdom_card,cost,card_text,potion,card_text_es
Black Market,Promo,Action,1,$3,"+$2\nReveal the top 3 cards of the Black Market deck. You may buy one of them immediately. Put the unbought cards on the bottom of the Black Market deck in any order.\d(Before the game, make a Black Market deck out of one copy of each Kingdom card not in ",0,
Envoy,Promo,Action,1,$4,Reveal the top 5 cards of your deck. The player to your left chooses one for you to discard. Draw the rest.,0,
Governor,Promo,Action,1,$5,+1 Action\nChoose one; you get the version in parentheses: Each player gets +1 (+3) Cards; or each player gains a Silver (Gold); or each player may trash a card from his hand and gain a card costing exactly $1 ($2) more.,0,
Prince,Promo,Action,1,$8,"You may set this aside. If you do, set aside an Action card from your hand costing up to $4. At the start of each of your turns, play that Action, setting it aside again when you discard it from play. (Stop playing it if you fail to set it aside on a turn you play it.)",0,
Stash,Promo,Treasure,1,$5,"Worth $2\dWhen you shuffle, you may put this anywhere in your deck.",0,
Summon,Promo,Event,0,$?,Allows the buyer to gain a cheap Action card and play it immediately at the start of their next turn.,0,
Walled Village,Promo,Action,1,$4,"+1 Card\n+2 Actions\dAt the start of Clean-up, if you have this and no more than one other Action card in play, you may put this on top of your deck.",0,
Adventurer,Dominion,Action,1,$6,Reveal cards from your deck until you reveal 2 Treasure cards. Put those Treasure cards in your hand and discard the other revealed cards.,0,"Si tienes que barajar en medio de la Acción, hazlo, pero no barajes las Cartas que hayas revelado, puesto que estas Cartas no irán a la Pila de Descartes hasta que hayas terminado de revelar Cartas. Si se terminan las Cartas después de barajar y sólo ha salido un Tesoro, ese Tesoro será todo lo que consigas."
Bureaucrat,Dominion,Action-Attack,1,$4,Gain a silver card; put it on top of your deck. Each other player reveals a Victory card from his hand and puts it on his deck (or reveals a hand with no Victory cards).,0,"Si no queda ninguna Carta en tu Mazo cuando juegas el Burócrata, la Carta de Plata que ganas se convertirá en la única Carta de tu Mazo. Del mismo mod o, si un jugador no tiene Cartas en su Mazo, la Carta de Victoria que debe poner encima se convertirá en la única Carta de dicho Mazo. C"
Cellar,Dominion,Action,1,$2,+1 Action\nDiscard any number of cards.\n+1 Card per card discarded.,0,"No puedes descartarte del Sótano, puesto que no se encuentra ya en tu mano cuando resuelves la Acción. Eliges las Cartas que quieres y las descartas de una vez. Sólo puedes robar las Cartas después de que te hayas descartado. Si tuvieras que barajar tu Pila de Descartes para robar, las Cartas descartadas también serán barajadas en el nuevo Mazo"
Chancellor,Dominion,Action,1,$3,+$2\nYou may immediately put your deck into your discard pile.,0,Debes resolver el Canciller (y decidir si descartas o no todo tu Mazo) antes de hacer nada más en tu Turno (como decidir lo que vas a comprar o jugar otra Carta de Acción). Tampoco podrás mirar el Mazo cuando lo descartes
Chapel,Dominion,Action,1,$2,Trash up to 4 cards from your hand.,0,"No puedes eliminar la Carta de Capilla, puesto que no se encuentra en tu mano cuando resuelves la Acción. Sí podrías eliminar otra Carta de Capilla que pudieras tener en tu mano"
Council Room,Dominion,Action,1,$5,+4 Cards\n+1 Buy\nEach other player draws a card.,0,"Los demás jugadores tienen que robar 1 Carta de su Mazo, quieran o no. Si fuera necesario, tendrán que barajar su Pila de Descartes para formar un nuevo Mazo"
Feast,Dominion,Action,1,$4,Trash this card. Gain a card costing up to $5.,0,"La Carta ganada va a tu Pila de Descartes y debe ser una Carta del Suministro. No puedes util izar monedas de Tesoros o Acciones previas (como el Mercado) para incrementar el coste de la Carta que ganas. Si usas el Salón del Trono con un Banquete, ganarás 2 Cartas, aunque solamente eliminarás una Carta de Banquete"
Festival,Dominion,Action,1,$5,+2 Actions\n+1 Buy\n+$2.,0,"Si estás jugando varias Cartas de Festival, lleva bien la cuenta de las Acciones que te faltan. Suele funcionar muy bien ir diciendo en voz alta las Acciones restantes. Por ejemplo: “estoy jugando un Festival y me quedan 2 Acciones. Ahora juego un Mercado y me quedan 2 Acciones. Juego otro Festival y me quedan 3 Acciones…”"
Gardens,Dominion,Victory,1,$4,Worth 1VP for every 10 cards in your deck (rounded down).,0,"Esta Carta de Reino es una Carta de Victoria, y no de Acción. No sirve para nada hasta el final de la partida, donde concederá 1 Punto de Victoria por cada 10 Cartas que haya en tu Mazo (contando todas tus Cartas y redondeando hacia abajo)."
Laboratory,Dominion,Action,1,$5,+2 Cards\n+1 Action.,0,Robas 2 Cartas de tu Mazo. Y puedes jugar otra Carta de Acción durante tu Fase de Acción
Library,Dominion,Action,1,$5,"Draw until you have 7 cards in hand. You may set aside any Action cards drawn this way, as you draw them; discard the set aside cards after you finish drawing.",0,"Si tienes que barajar en medio de la Acción, hazlo, pero sin barajar las Cartas que hayas apartado, puesto que estas Cartas no irán a la Pila de Descartes hasta que hayas terminado de robar Cartas. Si se terminan las Cartas después de barajar, sólo conseguirás las Cartas disponibles."
Market,Dominion,Action,1,$5,+1 Card\n+1 Action\n+1 Buy\n+$1.,0,"Robas 1 Carta. Puedes jugar otra Carta de Acción durante tu Fase de Acción. En tu Fase de Compra, puedes comprar una Carta adicional del Suministro, añadiendo 1 moneda al valor total de las Cartas de Tesoro que juegues"
Militia,Dominion,Action-Attack,1,$4,+$2\nEach other player discards down to 3 cards in his hand.,0,Los jugadores atacados deben descartarse de Cartas de su mano hasta quedarse únicamente con 3 Cartas. Los jugadores que tengan 3 Cartas o menos en su mano al ponerse en juego la Milicia no tendrán que descartarse de ninguna
Mine,Dominion,Action,1,$5,Trash a Treasure card from your hand. Gain a Treasure card costing up to $3 more; put it into your hand.,0,"Generalmente, eliminarás una Carta de Cobre para ganar una de Plata, o eliminarás una de Plata para ganar una de Oro. Aunque también podrías eliminar un Tesoro para ganar el mismo Tesoro o uno de menor valor. La Carta ganada va a tu mano, con lo que podrás gastarla en el mismo Turno."
Moat,Dominion,Action-Reaction,1,$2,"+2 Cards\dWhen another player plays an Attack card, you may reveal this from your hand. If you do, you are unaffected by that Attack.",0,"Una Carta de Ataque es la que pone “Acción - Ataque” en la línea inferior. Cuando alguien juegue una, puedes enseñar una Carta de Foso que tengas en la mano (y devolverla a tu mano) para que el Ataque no te afecte: no recibes Maldición de una Bruja, no tienes que revelar una Carta a un Espía, etc."
Moneylender,Dominion,Action,1,$4,"Trash a Copper from your hand. If you do, +$3.",0,"Si no tienes en tu mano una Carta de Cobre para eliminar, tampoco consigues las 3 monedas para gastar en tu Fase de Compra"
Remodel,Dominion,Action,1,$4,Trash a card from your hand. Gain a card costing up to $2 more than the trashed card.,0,"No puedes eliminar la Carta Remodelar, puesto que no se encuentra en tu mano cuando resuelves la Acción, aunque sí podrías eliminar otra Carta Remodelar que tuvieras en la mano. Si no puedes eliminar una Carta, tampoco ganas la Carta que te concede."
Smithy,Dominion,Action,1,$4,+3 Cards,0,Robas 3 Cartas de tu Mazo
Spy,Dominion,Action-Attack,1,$4,"+1 Card\n+1 Action\nEach player (including you) reveals the top card of his deck and either discards it or puts it back, your choice.",0,"El Espía hace que todos los jugadores (hasta el que juega la Carta) revelen la Carta superior de su Mazo. Pero antes de hacerlo, debes robar la Carta que te otorga el Espía. Los jugadores que no tengan Cartas en su Mazo tendrán que barajar su Pila de Descartes para tener alguna Carta que revelar."
Thief,Dominion,Action-Attack,1,$4,"Each other player reveals the top 2 cards of his deck. If they revealed any Treasure cards, they trash one of them that you choose. You may gain any or all of these trashed cards. They discard the other revealed cards.",0,"Un jugador que sólo tenga una Carta en su Mazo,  revela esa carta, baraja la Pila de Descartes (sin incluir la Carta revelada) para formar un nuevo Mazo, y revela la otra Carta. Si no tuviera Cartas suficientes después de barajar, sólo tendrá que revelar una Carta."
Throne Room,Dominion,Action,1,$4,Choose an Action card in your hand. Play it twice.,0,"Escoges una Carta de Acción de tu mano, la juegas, y la vuelves a jugar. El segundo uso de la Carta de Acción no consume ninguna Acción extra que pudieras tener. Debes resolver completamente la Acción la primera vez antes de hacerlo la segunda."
Village,Dominion,Action,1,$3,+1 Card\n+2 Actions,0,"Si pones en juego varias Aldeas, lleva bien la cuenta de las Acciones que te quedan por realizar. Un truco que suele funcionar consiste en decir en voz alta las Acciones que aún te faltan"
Witch,Dominion,Action-Attack,1,$5,+2 Cards\nEach other player gains a Curse card.,0,"Si no hubiera suficientes Maldiciones para repartir a los jugadores, repartes las que haya empezado por el jugador siguiente a ti. Si no queda ninguna Maldición cuando juegas la Bruja, todavía puedes robar las 2 Cartas. El jugador que recibe una Maldición debe colocar la Carta en su Pila de Descartes"
Woodcutter,Dominion,Action,1,$3,+1 Buy\n+$2,0,"Durante tu Fase de Compra, añades 2 monedas al valor total de las Cartas de Tesoro que juegues y, además, podrás comprar una Carta más del Suministro"
Workshop,Dominion,Action,1,$3,Gain a card costing up to $4.,0,La Carta que ganas se pone en tu Pila de Descartes. Tiene que ser una Carta del Suministro. No puedes utilizar monedas procedentes de Cartas de Tesoro o de Acciones previas para incrementar el coste de la Carta ganada
Baron,Intrigue,Action,1,$4,"+1 Buy\nYou may discard an Estate card. If you do, +$4.\nOtherwise, gain an Estate card.",0,
Bridge,Intrigue,Action,1,$4,"+1 Buy\n+$1\nAll cards (including cards in players' hands) cost $1 less this turn, but not less than $0.",0,"A todos los efectos, los costes se reducen en 1 Moneda. Por ejemplo, si has jugado una Aldea, luego un Puente y por último un Taller, podr ías utilizar el Taller para ganar una Carta de Ducado (porque ahora los Ducados cuestan 4 Monedas gracias al Puente) ."
Conspirator,Intrigue,Action,1,$4,+$2\nIf you've played 3 or more Actions this turn (counting this): +1 Card; +1 Action.,0,"Tendrás que determinar si el Conspirador te otorga +1 Carta y +1 Acci ón en el momento de ponerlo en juego, porque las Cartas de Acción que se jueguen después ya no se tienen en cuenta para beneficiarte de la Carta."
Coppersmith,Intrigue,Action,1,$4,Copper produces an extra $1 this turn.,0,"Lo único que hace es cambiar la cantidad de Monedas que consigues al poner en juego Cartas de Cobre. El efecto es acumulativo, es decir, si usas un Salón del Trono con un Artesano del Cobre, conseguirás 3 Monedas por cada Carta de Cobre que juegues"
Courtyard,Intrigue,Action,1,$2,+3 Cards\nPut a card from your hand on top of your deck.,0,"Puedes robar Cartas y añadirlas a tu mano antes de poner una Carta sobre tu mazo. La Carta que pongas en el mazo puede ser cualquiera de tu mano, incluyendo las 3 nuevas Cartas que acabas de coger. PEÓN Primero, escoge dos opciones distintas de las cuatro posibles. No puedes elegir la misma opción dos veces."
Duke,Intrigue,Victory,1,$5,Worth 1VP per Duchy you have.,0,"Esta Carta no hace nada hasta el final de la partida. En ese momento, te da 1 Punto de Victoria por cada Carta de Ducado que tengas, contando todas tus Cartas. En la Preparación del juego, se colocan 12 Cartas de Duque en el Suministro para una partida de 3 a 6 jugadores, y sólo 8 Cartas en el Suministro en caso de 2 jugadores"
Great Hall,Intrigue,Action-Victory,1,$3,+1 Card\n+1 Action\dWorth 1VP,0,"Es a la vez una Carta de Acci ón y una Carta de Vi ctoria. Al jugarla, robas una Carta y puedes jugar otra Acción. Y, al final de la partida, también consigues 1 Punto de Victoria, igual que una Finca más."
Harem,Intrigue,Treasure-Victory,1,$6,Worth $2\nWorth 2VP,0,
Ironworks,Intrigue,Action,1,$4,"Gain a card costing up to $4. If it is an...\nAction card, +1 Action\nTreasure card, +$1\nVictory card, +1 Card",0,
Masquerade,Intrigue,Action,1,$3,+2 Cards\nEach player passes a card in their hand to the player on their left. Then you may trash a card from your hand.,0,"Primero, roba 2 Cartas. Despu és, cada jugador (todos a la vez) escoge una Carta de su mano y la coloca boca abajo sobre la mesa, entre él y el jugador a su izquierda. El jugador de su izquierda recoge la Carta y la pone en su mano."
Mining Village,Intrigue,Action,1,$4,"+1 Card\n+2 Actions\nYou may trash this card immediately. If you do, +$2.",0,"Debes decidir si eliminas o no la Aldea Minera, antes de proseguir con otras Acciones o Fases. En cualquier caso, consigues +1 Carta y +2 Acciones, pero si eliminas la Aldea Minera, también consigues 2 Monedas adicionales."
Minion,Intrigue,Action-Attack,1,$5,"+1 Action\nChoose one: +$2; or discard your hand, +4 Cards, and each other player with at least 5 cards in hand discards his hand and draws 4 cards.",0,"Independientemente de la opci ón que elijas, siempre g anas +1 Acci ón. Las opciones son “+2 Monedas”, o bien todo lo demás: descartas, robas 4 Cartas y los demás jugadores descartan y roban. Un jugador que usa un Foso para parar el Ataque, ni descarta ni roba Cartas. Los demás jugadores sólo se ven afectados si tienen 5 ó más Cartas en su mano."
Nobles,Intrigue,Action-Victory,1,$6,Choose one: +3 Cards; or +2 Actions.\dWorth 2VP,0,"Es a la vez una Carta de Acci ón y una Carta de Victoria. Al jugarla, eliges robar 3 Cartas o conseguir +2 Acciones, una de las dos cosas. Y, al final de la partida, te da 2 Puntos de Victoria. Durante la Preparación del juego, hay que colocar 12 Cartas de Nobles en el Suministro para una partida de 3 a 6 jugadores, y s ólo 8 Cartas de Nobles en un"
Pawn,Intrigue,Action,1,$2,Choose two: +1 Card; +1 Action; +1 Buy; +$1.\n(The choices must be different.),0,
Saboteur,Intrigue,Action-Attack,1,$5,Each other player reveals cards from the top of his deck until revealing one costing $3 or more. He trashes that card and may gain a card costing at most $2 less than it. He discards the other revealed cards.,0,"Los dem ás jugadores deben empezar a revelar Cartas de su mazo, hasta que aparezca una con un coste de 3 Monedas ó más. Si un jugador necesita barajar su Pila de Descartes para seguir sacando Cartas, no debe barajar las Cartas ya reveladas."
Scout,Intrigue,Action,1,$4,+1 Action\nReveal the top 4 cards of your deck. Put the revealed Victory cards into your hand. Put the other cards on top of your deck in any order.,0,"No es obligatorio que reveles la Provincia si tienes una. Si la revelas, ganas 1 Oro, y si no, ganas 1 Plata. La Carta ganada procede del Suministro y se coloca directamente en tu mano, con lo que puedes gastarla en el mismo Turno. F"
Secret Chamber,Intrigue,Action-Reaction,1,$2,"Discard any number of cards. +$1 per card discarded.\dWhen another player plays an Attack card, you may reveal this from your hand. If you do, +2 cards, then put 2 cards from your hand on top of your deck.",0,
Shanty Town,Intrigue,Action,1,$3,"+2 Actions\nReveal your hand.\nIf you have no Action cards in hand, +2 Cards.",0,"Independientemente de lo que pase, siempre  consigues +2 Acciones. Debes revelar tu mano, y, si no tienes ninguna Carta de Acci ón, robar 2 Cartas. Aunque la primera Carta robada sea una Carta de Acción, debes robar la segunda Carta. Y recuerda que las Cartas de Acción – Victoria son Acciones"
Steward,Intrigue,Action,1,$3,Choose one: +2 Cards; or +$2; or trash 2 cards from your hand.,0,"Tienes que elegir una de las opciones, sin mezclarl as: +2 Cartas, o +2 Monedas, o bien eliminar 2 Cartas. Si eliges “eliminar 2 Cartas” y, después de jugar el Mayordomo, sólo te queda una Carta en tu mano, sólo tendrás que eliminar esa única Carta"
Swindler,Intrigue,Action-Attack,1,$3,+$2\nEach other player trashes the top card of his deck and gains a card with the same cost that you choose.,0,"Si a un jugador no le quedan  Cartas en su mazo, tendr á que barajar su Pila de Descartes antes de eliminar la Carta; si aún así, no tuviera Cartas disponibles, no eliminará ninguna Carta, pero tampoco ganar á una Carta nueva."
Torturer,Intrigue,Action-Attack,1,$5,"+3 Cards\nEach other player chooses one: he discards 2 cards; or he gains a Curse card, putting it in his hand.",0,"Cada uno de los demás jugadores tendrá que decidir el castigo a sufrir. Un jugador puede optar por ganar una Maldici ón, incluso si ya no quedan Maldiciones en el Suministro, en cuyo caso no ganaría ninguna."
Trading Post,Intrigue,Action,1,$5,"Trash 2 cards from your hand. If you do, gain a silver card; put it into your hand.",0,"Si tienes 2 ó más Cartas, puedes eliminar exactamente 2 Cartas para ganar una Carta de Plata, que va directamente a tu mano y que podrá ser utilizada en ese mismo Turno. Si ya no quedaran Cartas de P lata en el Suministro, no ganar ás la Carta, aunque s í podrás eliminar las 2 Cartas."
Tribute,Intrigue,Action,1,$5,"The player to your left reveals then discards the top 2 cards of his deck. For each differently named card revealed, if it is an...\nAction Card, +2 Actions\nTreasure Card, +$2\nVictory Card, +2 Cards",0,"Si al jugador de tu izquierda le quedan menos de 2 Cartas en su mazo, revela las Cartas que pueda, baraja su Pila de Descartes (sin incluir las Cartas reveladas) y revela las Cartas que le falten, antes de descartar las Cartas reveladas. Si dicho jugador no tuviera suficientes Cartas, sólo revelará y descartará las que pueda."
Upgrade,Intrigue,Action,1,$5,+1 Card\n+1 Action\nTrash a card from your hand. Gain a card costing exactly $1 more than it.,0,"Primero, roba una Carta. A continuaci ón, elimina una Carta de tu mano y gana otra Carta que cueste exactamente 1 Moneda más que la eliminada. La Carta ganada debe ser una Carta del Suministro, y va a tu Pila de Descartes. Si no quedara disponible ninguna Carta de ese coste, no consigues ninguna (aunque sigues teniendo que eliminar una Carta)."
Wishing Well,Intrigue,Action,1,$3,"+1 Card\n+1 Action\nName a card, then reveal the top card of your deck. If it is the named card, put it in your hand.",0,"Primero, roba una Carta. A continuaci ón, di en voz alta el nombre de una Carta (por ejemplo, “Cobre”, no vale decir “Tesoro”) y revela la Carta superior de tu mazo: si se trata de la misma Carta que has nombrado, la pones en tu mano; si no, vuelves a poner la Carta revelada encima de tu mazo"
Ambassador,Seaside,Action-Attack,1,$3,Reveal a card from your hand. Return up to 2 copies of it from your hand to the Supply.\nThen each other player gains a copy of it.,0,"Lo primero, elegir y revelar una Carta de tu mano. Puedes devolver hasta 2 copias de esa Carta de tu mano al Suministro, aunque puedes decidir no devolver ninguna. Después, todos los jugadores (menos tú) ganan una copia de dicha Carta del Suministro."
Bazaar,Seaside,Action,1,$5,+1 Card\n+2 Actions\n+$1.,0,"Robas 1 Carta, consigues +2 Acciones para usar y +1 Moneda adicional para gastar en este Turno"
Caravan,Seaside,Action-Duration,1,$4,"+1 Card\n+1 Action\nAt the start of your next turn, +1 Card.",0,Te permite robar una Carta al comienzo de tu próximo Turno (no antes); la Carta de Caravana se descartará en la Fase de Mantenimiento de tu siguiente Turno
Cutpurse,Seaside,Action-Attack,1,$4,+$2\nEach other player discards a Copper card (or reveals a hand with no Copper).,0,"Los demás jugadores deben descartar 1 Carta de Cobre. Si no tuvieran ningún Cobre, tendrán que revelar su mano para que todos los jugadores puedan comprobarlo. RESCATADOR: si tienes al menos una Carta en tu mano, tendrás que eliminar una Carta."
Embargo,Seaside,Action,1,$2,"+$2\nTrash this card. Put an Embargo token on top of a Supply pile.\dWhen a player buys a card, he gains a Curse card per Embargo token on that pile.",0,"Puedes elegir  cualquier mazo del Suministro. Si se utilizan varias Cartas de Embargo para poner Marcadores de Embargo en el mismo mazo, un jugador ganará una Carta de Maldición por cada Marcador de Embargo cuando compre una Carta de dicho montón del Suministro."
Explorer,Seaside,Action,1,$5,"You may reveal a Province card from your hand. If you do, gain a Gold card, putting it into your hand. Otherwise, gain a Silver card, putting it into your hand.",0,"Si en tu mazo quedan menos de 4 Cartas, revela todas las  que puedas, baraja tu Pila de Descartes (sin incluir las Cartas reci én reveladas) y revela las Cartas que falten. No olvides que las Cartas de Acci ón – Victoria son Cartas de Victoria, pero las Maldiciones no."
Fishing Village,Seaside,Action-Duration,1,$3,+2 Actions\n+$1\nAt the start of your next turn: +1 Action; +$1.,0,"Consigues +2 Acciones para usar y +1 Moneda para gastar en este Turno . Y al comienzo de tu siguiente Turno, +1 Acción y +1 Moneda adicionales. Esto quiere decir que en tu siguiente Turno dispondrás de 2 Acciones en total (contando la normal). Debes dejar la Carta frente a ti hasta la Fase de Mantenimiento de tu siguiente Turno"
Ghost Ship,Seaside,Action-Attack,1,$5,+2 Cards\nEach other player with 4 or more cards in hand puts cards from his hand on top of his deck until he has 3 cards in his hand.,0,"Los demás jugadores eligen las Cartas que ponen en sus mazos y en qué orden. El Barco Fantasma no le afecta a un jugador que sólo tenga 3 Cartas en la mano. Si a un jugador no le queda ninguna carta en su mazo, no tiene que barajar su Pila de Descartes: las Cartas que devuelva al mazo serán las únicas Cartas que formen éste"
Haven,Seaside,Action-Duration,1,$2,"+1 Card\n+1 Action\nSet aside a card from your hand face down. At the start of your next turn, put it into your hand.",0,"Primero, roba 1 Carta; después, elige una Carta de tu mano para apartarla, boca abajo. Colócala sobre la Carta de Puerto, para recordar a qué se debe. Los  demás jugadores no pueden ver la Carta que has apartado. Tienes que apartar una Carta, no es algo opcional."
Island,Seaside,Action-Victory,1,$4,Set aside this and another card from your hand. Return them to your deck at the end of the game.\dWorth 2VP,0,"La primera vez que juegues una Isla tendrás que coger un Tablero de Jugador de Isla. La Isla es a la vez una Carta de Acción y una Carta de Victoria. En una partida de 3- 4 jugadores deben usarse 12 Islas; en una partida de 2 jugadores, sólo 8 Islas."
Lighthouse,Seaside,Action-Duration,1,$2,"+1 Action\nNow and at the start of your next turn: +$1.\dWhile this is in play, when another player plays an Attack card, it doesn't affect you.",0,"Consigues +1 Acción y +1 Moneda en este Turno, pero sólo +1 Moneda en tu siguiente Turno. Las Cartas de Ataque jug adas por los demás jugadores no te afectan (aunque quieras). Cuando alguien juegue un Ataque, podrías revelar una Cámara Secreta para poder robar 2 Cartas y poner 2 Cartas de tu mano encima de tu mazo y seguirías sin sufrir la Carta de"
Lookout,Seaside,Action,1,$3,+1 Action\nLook at the top 3 cards of your deck. Trash one of them. Discard one of them. Put the other one on top of your deck.,0,"Si no quedan en tu mazo 3 Cartas para poder mirar, mira las que puedas, baraja tu Pila de Descartes y mira las Cartas que te faltaban del nuevo mazo. Debes mirar las 3 Cartas antes de decidir qué Carta eliminas, qué Carta descartas y qué Carta devuelves a la parte superior del mazo."
Merchant Ship,Seaside,Action-Duration,1,$5,Now and at the start of your next turn: +$2.,0,Consigues +2 Monedas para gastar en este Turno y +2 Monedas más para tu siguiente Turno. La Carta del Barco Mercante debe dejarse en tu área de juego hasta la Fase de Mantenimiento de tu siguiente Turno
Native Village,Seaside,Action,1,$2,+2 Actions\nChoose one: Set aside the top card of your deck face down on your Native Village mat; or put all the cards from your mat into your hand.\nYou may look at the cards on your mat at any time; return them to your deck at the end of the game.,0,"La primera vez que pongas en juego esta Carta, tendrás que coger un Tablero de Jugador de Poblado Indígena para poner Cartas encima. Cuando juegues un Poblado Indígena puedes elegir entre coger todas las Cartas que estuvieran apartadas en tu Tablero de Jugador de Poblado Indígena y ponerlas en tu mano, o apartar boca abajo la primera Carta de tu ma"
Navigator,Seaside,Action,1,$4,"+$2\nLook at the top 5 cards of your deck. Either discard all of them, or put them back on top of your deck in any order.",0,"Tienes que descartar las 5 Cartas o ninguna. Si no las descartas, debes ponerlas sobre tu mazo en el orden que quieras. Si no quedaran 5 Cartas en tu mazo, mira las que puedas, baraja tu Pila de Descartes (sin incluir las Cartas que ya has mirado) para formar un nuevo mazo y mira las Cartas que faltaban."
Outpost,Seaside,Action-Duration,1,$5,You only draw 3 cards (instead of 5) in this turn's Clean-up phase. Take an extra turn after this one. This can't cause you to take more than two consecutive turns.,0,"El Turno Extra es completamente normal, salvo que sólo dispones de 3 Cartas en la mano. Debes dejar la Carta de Puesto Avanzado frente a ti hasta el final de ese Turno. Si además del Puesto Avanzado juegas una Carta de “ahora y al comienzo de tu próximo turno”, como un Barco Mercante, el Turno Extra del Puesto Avanzado será ese siguiente Turno, así"
Pearl Diver,Seaside,Action,1,$2,+1 Card\n+1 Action\nLook at the bottom card of your deck. You may put it on top.,0,"Debes robar la Carta antes de mirar la última Carta de tu mazo. Si decides colocar la Carta encima de tu mazo, ten cuidado para no mirar la siguiente Carta del fondo del mazo al mover la Carta. Si no quedaran Cartas en tu mazo a la hora de mirar la Carta del fondo, tendrás que barajar tu Pila de Descartes primero"
Pirate Ship,Seaside,Action-Attack,1,$4,"Choose one: Each other player reveals the top 2 cards of his deck, trashes a revealed Treasure that you choose, discards the rest, and if anyone trashed a Treasure you take a Coin token; or, +$1 per Coin token you've taken with Pirate Ships this game.",0,"Cuando pongas en juego esta Carta por primera vez, coge un Tablero de Jugador de Barco Pirata. Si utilizas el Barco Pirata para eliminar Tesoros, un jugador que sólo tenga una Carta la revela, baraja su Pila de Descartes y  revela la segunda Carta (si no tuviera ninguna Carta, debe barajar para revelar las 2 Cartas)."
Salvager,Seaside,Action,1,$4,+1 Buy\nTrash a card from your hand. +$ equal to its cost.,0,
Sea Hag,Seaside,Action-Attack,1,$4,"Each other player discards the top card of his deck, then gains a Curse card, putting it on top of his deck.",0,"Si a un jugador no le quedan Cartas en su mazo, tendrá que barajar primero su Pila de Descartes para poder descartar la Carta. Si sigue sin Cartas, no tendrá que descartar ninguna. Si un jugador descarta la última Carta de su mazo, la Maldición ganada se convertirá en la única Carta de su mazo."
Smugglers,Seaside,Action,1,$3,Gain a copy of a card costing up to $6 that the player to your right gained on his last turn.,0,"Esta Carta te permite fijarte en el último Turno jugado por el jugador de tu derecha: si ese jugador no ha ganado ninguna Carta o ninguna con un coste de 6 ó menos, los Contrabandistas no hacen nada. Pero si dicho jugador ha ganado varias Cartas con un coste de 6 ó menos, puedes elegir una de esas Cartas para ganar una copia de ella."
Tactician,Seaside,Action-Duration,1,$5,"Discard your hand. If you discarded any cards this way, then at the start of your next turn, +5 Cards; +1 Buy; and +1 Action.",0,Debes esperar hasta el comienzo de tu siguiente Turno para robar las 5 Cartas extra; no debes hacerlo al finalizar el Turno en que has puesto en juego la Carta. El Estratega debe p ermanecer frente a ti hasta la Fase de Mantenimiento de tu siguiente Turno.
Treasure Map,Seaside,Action,1,$4,"Trash this and another copy of Treasure Map from your hand. If you do trash two Treasure Maps, gain 4 Gold cards, putting them on top of your deck.",0,"Puedes jugar esta Carta sin tener otro Mapa del Tesoro en tu mano; si lo haces, eliminas la Carta y no ganas nada. Tienes que eliminar 2 Mapas del Tesoro para poder ganar 4 Oros; así, por ejemplo, si juegas un Salón del Trono con un Mapa del Tesoro, teniendo otros 2 Mapas del Tesoro en la mano, al resolver el primer Mapa del Tesoro, lo eliminas jun"
Treasury,Seaside,Action,1,$5,"+1 Card\n+1 Action\n+$1\dWhen you discard this from play, if you didn't buy a Victory card this turn, you may put this on top of your deck.",0,"Si compras varias Cartas y al menos una de ellas es una Carta de Victoria, no podrás poner tu Tesorería en cima de tu mazo. Si juegas varias Cartas de Tesorería y no has comprado ninguna Carta de Victoria, podrás poner algunas (o incluso todas) las Cartas de Tesorería encima de tu mazo."
Warehouse,Seaside,Action,1,$3,+3 Cards\n +1 Action\nDiscard 3 cards.,0,"Si no te quedan en el mazo 3 Cartas para robar, roba las que puedas, baraja tu Pila de Descartes y roba las Cartas que te falten. Si sigues sin poder robar 3 Cartas, roba las que puedas. En cualquier caso, tendrás que descartar 3 Cartas (siempre qu e puedas)."
Wharf,Seaside,Action-Duration,1,$5,Now and at the start of your next turn: +2 Cards\n+1 Buy.,0,"Robas 2 Cartas y consigues +1 Compra en este Turno, y +2 Cartas y +1 Compra al comienzo de tu siguiente Turno. Pero no debes robar las 2 Cartas del siguiente Turno hasta que éste comience. Debes dejar la Carta de Muelle frente a ti hasta la Fase de Mantenimiento de tu siguiente Turno. N"
Alchemist,Alchemy,Action,1,$3,"+2 Cards\n+1 Action\dWhen you discard this from play, you may put this on top of your deck if you have a Potion in play.",1,"+2 Cartas y +1 Acción. Cuando se descarte el Alquimista, si tenemos en juego alguna Poción, podemos colocar el Alquimista en la parte superior de nuestro mazo"
Apothecary,Alchemy,Action,1,$2,+1 Card\n+1 Action\nReveal the top 4 cards of your deck. Put the revealed Coppers and Potions into your hand. Put the other cards back on top in any order.,1,"+1 Carta y +1 Acción. Además, se revelan las 4 cartas superiores de nuestro mazo. Los Cobres y las Pociones reveladas van a nuestra mano, y el resto de cartas se devuelven al mazo en el orden que queramos"
Apprentice,Alchemy,Action,1,$5,+1 Action\nTrash a card from your hand. +1 Card per Coin it costs. +2 Cards if it has Þ in its cost.,0,"+1 Acción. Elimina una carta de tu mano. Otorga +1 carta por  cada Moneda que costase la carta eliminada, y +2 cartas si la carta eliminada incluye una Poción en su coste"
Familiar,Alchemy,Action-Attack,1,$3,+1 Card\n+1 Action\nEach other player gains a curse.,1,+1 Carta y +1 Acción. Cada jugador (excepto tú) gana una Maldición
Golem,Alchemy,Action,1,$4,"Reveal cards from your deck until you reveal 2 Action cards other than Golem Cards. Discard the other cards, then play the Action cards in either order.",1,Se revelan cartas del mazo hasta que aparezcan dos cartas de Acción que no sean cartas de Golem. Se juegan estas dos cartas de Acción en el orden que elijamos. El resto de cartas se descartan
Herbalist,Alchemy,Action,1,$2,"+1 Buy\n+$1\dWhen you discard this from play, you may put one of your Treasures from play on top of your deck.",0,"+1 moneda y +1 compra. Cuando se descarte esta carta, se puede poner encima del mazo la carta de Tesoro que elijas"
Philosopher's Stone,Alchemy,Treasure,1,$3,"When you play this, count your deck and discard pile. Worth $1 per 5 cards total between them (rounded down).",1,+1 Moneda por cada 5 cartas que tengamos entre el mazo y la pila de descartes
Possession,Alchemy,Action,1,$6,"The player to your left takes an extra turn after this one, in which you can see all cards he can and make all decisions for him. Any cards he would gain on that turn, you gain instead; any cards of his that are trashed are set aside and returned to his discard pile at end of turn.",1,"Al jugar esta carta no obtendremos un efecto directo, sino que terminaremos de jugar nuestro turno normalmente. Cuando este termine, tomaremos las cartas del jugador de nuestra izquierda y jugaremos un turno extra con sus cartas (incluyendo mazo y descartes)."
Scrying Pool,Alchemy,Action-Attack,1,$2,"+1 Action\nEach player (including you) reveals the top card of his deck and either discards it or puts it back, your choice. Then reveal cards from the top of your deck until revealing one that isn't an Action. Put all of your revealed cards into your han",1,"+1 Acción. Además, cada jugador (incluido tú), revela la carta superior de su mazo, y decide si descartarla o volver a ponerla encima del mazo correspondiente. A continuación se revelan cartas hasta que la carta revelada no sea una carta de Acc ión. Todas las cartas reveladas van a la mano"
Transmute,Alchemy,Action,1,$0,"Trash a card from your hand. If it is an... Action card, gain a Duchy\nTreasure card, gain a Transmute\nVictory card, gain a Gold",1,"Elimina una carta de tu mano. Si la carta eliminada es una carta de Victoria, se gana un Oro. Si la carta eliminada es una carta de Tesoro, se gana un Transmutar. Y si la carta eliminada es una carta de Acción, se gana un Ducado"
University,Alchemy,Action,1,$2,+2 Actions\nYou may gain an Action card costing up to $5.,1,+2 Acciones. Puedes ganar una carta de Acción cuyo coste máximo sea 5 monedas. V
Vineyard,Alchemy,Victory,1,$0,Worth 1VP for every 3 Action cards in your deck (rounded down).,1,Otorga 1 punto de victoria por cada 3 cartas de acción que tengamos en el mazo al final de la partida
Bank,Prosperity,Treasure,1,$7,"When you play this, it's worth $1 per Treasure card you have in play (counting this).",0,
Bishop,Prosperity,Action,1,$4,"+$1\n+1VP\nTrash a card from your hand. +VP equal to half its cost in coins, rounded down. Each other player may trash a card from his hand.",0,"Consulta la sección “Nuevas Reglas” relativa a las Fichas . Eliminar una Carta es algo opcional para los demás jugadores, pero obligatorio para ti. Cuando el orden sea importante, tú eliminas primero tu Carta, y, después, cada uno de los otros jugadores puede eliminar la suya, siguiendo el orden de juego."
City,Prosperity,Action,1,$5,"+1 Card\n+2 Actions\nIf there are one or more empty Supply piles, +1 Card. If there are two or more, +$1 and +1 Buy.",0,"Robas una Carta y dispones de dos Acciones adicionales. Si se ha agotado sólo un Mazo del Suministro, robas una Carta adicional. Si se han agotado dos o más Mazos, robas la Carta adicional y también consigues (1) para gastar y una Compra más para utilizar en la Fase de Compra."
Contraband,Prosperity,Treasure,1,$5,"Worth $3\n+1 Buy\nWhen you play this, the player to your left names a card. You can't buy that card this turn.",0,"Es una Carta de Tesoro de valor (3), como el “Oro”. Al ponerla en juego, consigues +1 Compra adicional y el jugador de tu izquierda debe nombrar una Carta, que no podrás comprar en este  Turno. Esto no impide que puedas ganar la Carta de alguna otra forma que no sea comprándola (por ejemplo, a través de un “Tesoro Escondido”)."
Counting House,Prosperity,Action,1,$5,"Look through your discard pile, reveal any number of Copper cards from it, and put them into your hand.",0,"Esta Carta te permite mirar las Cartas de tu Pila de Descartes, algo que normalmente no podrías hacer. No es necesario que muestres a los demás jugadores toda tu Pila de Descartes, sino únicamente las Cartas de “Cobre” que saques. Después de coger los “Cob res”, puedes dejar las demás Cartas de tu Pila de Descartes en el orden que quieras"
Expand,Prosperity,Action,1,$7,Trash a card from your hand. Gain a card costing up to $3 more than the trashed card.,0,"Es una Carta de Tesoro de valor (1), como el “Cobre”. Cuando la pones en juego, empiezas a revelar cartas de tu Mazo hasta descubrir una Carta de Tesoro. Si te quedas sin Cartas antes de hacerlo, tendrás que barajar tu Pila de Descartes (pero no las Cartas reveladas hasta ese momento) para poder seguir; si, finalmente, no descubres una Carta de Tes"
Forge,Prosperity,Action,1,$7,Trash any number of cards from your hand. Gain a card with cost exactly equal to the total cost in coins of the trashed cards.,0,"""Las cartas que quieras"" tambien puede ser ninguna. Si no eliminas ninguna Carta, tienes que ganar una Carta de coste (0), si es posible. Adiferencia de otras Cartas, como “Expansión”, la Carta “Forja” actúa aunque no elimines ninguna Carta, puesto que sólo mira el coste total, y no el coste de ninguna Carta en concreto."
Goons,Prosperity,Action-Attack,1,$6,"+1 Buy\n+$2\nEach other player discards down to 3 cards in hand.\dWhile this is in play, when you buy a card, +1VP.",0,"Consulta la sección “Nuevas Reglas” relativa a las Fichas . Consigues 1 por cada Carta que compres, pero no obtienes  por ganar una Carta de cualquier otra manera. Los efectos de los “Matones” son acumulativos: si tienes dos “Matones” en juego y compras una Carta “Plata”, consigues 2 ."
Grand Market,Prosperity,Action,1,$6,+1 Card\n+1 Action\n+1 Buy\n+$2\dYou can't buy this if you have any Copper in play.,0,"No tienes que poner en juego todas tus Cartas de Tesoro en tu Fase de Compra. Los “Cobres” que conserves en la mano no impiden que compres un “Gran Mercado”, sólo lo impiden los “Cobres” que tengas en juego."
Hoard,Prosperity,Treasure,1,$6,"Worth $2\dWhile this is in play, when you buy a Victory card, gain a Gold.",0,"Es una Carta de Tesoro de valor 3 , como el “Oro”. Cuando ganes esta Carta, también ganarás dos “Cobres” del Suministro. Si no q uedaran dos “Cobres” en el Suministro, ganarás los que queden. Solamente ganarás los “Cobres” al ganar la carta “Hallazgo”, no cuando la pongas en juego."
King's Court,Prosperity,Action,1,$7,You may choose an Action card in your hand. Play it three times.,0,"Esta Carta es similar al “Salón del Trono” (de Dominion ), sólo que juegas la Acción tres veces en lugar de dos. Eliges una Carta de Acción que tengas en la mano, la pones en juego, la juegas de nuevo y la vuelves a jugar por tercera vez."
Loan,Prosperity,Treasure,1,$3,"Worth $1\nWhen you play this, reveal cards from your deck until you reveal a Treasure. Discard it or trash it. Discard the other cards.",0,"Es una Carta de Tesoro de valor (1), como  el “Cobre”. Al ponerla en juego, empiezas a revelar Cartas de tu Mazo hasta descubrir una Carta de Tesoro. En ese momento, decides si eliminas ese Tesoro o lo descartas. A continuación, descartas el resto de Cartas reveladas."
Mint,Prosperity,Action,1,$5,"You may reveal a Treasure card from your hand. Gain a copy of it.\dWhen you buy this, trash all Treasures you have in play.",0,"Al comprar esta Carta, debes eliminar todas las Cartas de Tesoro que tengas en juego. Pero no las Cartas de Tesoro que estén en tu mano o en cualquier otra parte; únicamente las que estén en juego. Si compras varias Cartas en un Turno, debes eliminar los Tesoros al comprar el “Acuñador”, pero sigues disponiendo de las Monedas que te han proporciona"
Monument,Prosperity,Action,1,$4,+$2\n+1VP,0,Consulta la sección “Nuevas Reglas” relativa a las Fichas
Mountebank,Prosperity,Action-Attack,1,$5,"+$2\nEach other player may discard a Curse. If he doesn't, he gains a Curse and a Copper.",0,"Habrá que resolver el Ataque a los demás jugadores en orden, cuando sea importante (por ejemplo, porque se estén agotando las Cartas de “Maldición” o “Cobre”). Cada jugador debe de cidir si descarta una “Maldición” de su mano o si no lo hace."
Peddler,Prosperity,Action,1,$8*,"+1 Card\n+1 Action\n+$1\dDuring your Buy phase, this costs $2 less per Action card you have in play, but not less than $0.",0,"La mayoría de las veces, esta Carta cuesta (8). Pero en la Fase de Compra, costará (2) menos por cada Carta de Acción que tengas en juego. El coste debe aplicarse a todas las Cartas “Buhonero”, incluyendo las que estén en las manos de los jugadores o en sus Mazos. Y nunca puede costar menos de ( 0)."
Quarry,Prosperity,Treasure,1,$4,"Worth $1\dWhile this is in play, Action cards cost $2 less, but not less than $0.",0,"Es una Carta de Tesoro de valor (1), como el “Cobre”. Mientras esté en juego, cada Carta de Acción te costará (2) menos, hasta un mínimo de (0). El efecto es acumulativo: si juegas dos “Canteras” durante tu Fase de Compra, la Carta “Corte Real” sólo te costará (3), en lugar de l os (7) habituales."
Rabble,Prosperity,Action-Attack,1,$5,"+3 Cards\nEach other player reveals the top 3 cards of his deck, discards the revealed Actions and Treasures, and puts the rest back on top in any order he chooses.",0,"Los demás jugadores tendrán que barajar si es necesario, para poder revelar las 3 Cartas, o revelar las que puedan si tuvieran menos de 3 Cartas. Las Cartas de Tesoro y de Acción reveladas se descartan y el resto de Cartas descubiertas se colocan de nuevo sobre el Mazo, en el orden que quiera el jugador atacado."
Royal Seal,Prosperity,Treasure,1,$5,"Worth $2\dWhile this is in play, when you gain a card, you may put that card on top of your deck.",0,"Es una Carta de Tesoro de valor (2), como la “Plata”. Mientras esté en juego, su efecto se aplica a cada Carta que ganes (ya sea por compra o  de cualquier otra forma), decidiendo individualmente si la pones encima de tu Mazo o no."
Talisman,Prosperity,Treasure,1,$4,"Worth $1\dWhile this is in play, when you buy a card costing $4 or less that is not a Victory card, gain a copy of it.",0,"Es una Carta de Tesoro de valor 1 MONEDA, como el “Cobre”. Mientras esté en juego, cada vez que compres una Carta que no sea de Victoria y que cueste (4) o menos, ganas una segunda copia de la Carta comprada. Si no quedan más Cartas, no ganarás nada. La Carta ganada, como es habitual, procede de l Suministro y se coloca en tu Pila de Descartes."
Trade Route,Prosperity,Action,1,$3,"+1 Buy\n+$1 per token on the Trade Route mat.\nTrash a card from your hand.\dSetup: Put a token on each Victory card Supply pile. When a card is gained from that pile, move the token to the Trade Route mat.",0,"Te proporciona una Compra adicional para utilizar en tu Fase de Compra. Yconsigues +(1) por cada Marcador de Moneda que haya sobre el Tablero de Ruta Comercial. Acontinuación, tienes que eliminar una Carta de tu mano. Si no tienes Cartas en la mano, no eliminas ninguna."
Vault,Prosperity,Action,1,$5,"+2 Cards\nDiscard any number of cards. +$1 per card discarded. Each other player may discard 2 cards. If he does, he draws a card.",0,"Descártate de cuantas cartas quieras de tu mano y roba tantas cartas como las que descartaste. Después, descártate de tantas cartas como quieras (incluidas las cartas que robaste) y consigue + 1 MONEDA por cada carta que hubieras descartado esta segunda vez"
Venture,Prosperity,Treasure,1,$5,"Worth $1\nWhen you play this, reveal cards from your deck until you reveal a Treasure. Discard the other cards. Play that Treasure.",0,
Watchtower,Prosperity,Action-Reaction,1,$3,"Draw until you have 6 cards in hand.\dWhen you gain a card, you may reveal this from your hand. If you do, either trash that card, or put it on top of your deck.",0,"Al jugarla, empiezas a robar Cartas, de una en una, hasta tener 6 Cartas en la mano. Si ya tuvieras 6 ó más Cartas en la mano al poner en juego la “Atalaya”, no tendrás que robar ninguna. Cuando ganes una Carta, incluso en el Turno de otro jugador, puedes mostrar una “Atalaya” de tu mano para eliminar la Carta ganada o ponerla encima de tu Mazo."
Worker's Village,Prosperity,Action,1,$4,+1 Card\n+2 Actions\n+1 Buy,0,"Robas una Carta, dispones de dos Acciones adicionales en este Turno y puedes comprar una Carta más en la Fase de Compra de tu Turno"
Bag of Gold,Cornucopia,Action-Prize,0,$0*,"+1 Action\nGain a Gold, putting it on top of your deck.\n(This is not in the Supply.)",0,"La carta de “Oro” que ganas procede del Suministro y se pone sobre tu Mazo. Si no hubiera ninguna Carta en tu Mazo, se convertirá en la  única Carta del mismo. Si no queda ninguna Carta de “Oro” en el Suministro, no ganarás ninguna. Se trata de una Carta de Premio; consulta la sección “Nuevas Reglas”"
Diadem,Cornucopia,Treasure-Prize,0,$0*,"Worth $2\nWhen you play this, +$1 per unused Action you have (Action, not Action card).\n(This is not in the Supply.)",0,"Es una Carta de Tesoro de valor 2 MONEDAS, como la “Plata”. Debes jugarla en tu Fase de Compra, como cualquier Tesoro. Al hacerlo, obtienes +1 MONEDAS por cada Acción que no hayas utilizado en tu Fase de Acción. Y hablamos de Acciones, no de Cartas de Acción."
Fairgrounds,Cornucopia,Victory,1,$6,Worth 2VP for every 5 differently named cards in your deck (round down).,0,"Al final de la partida, cada Carta de “Recinto Ferial” te proporcionará 2 PV por cada 5 Cartas con nombre diferente que haya en tu Mazo, redondeando hacia abajo. Así, si tienes 0-4 Cartas diferentes, obtendrás 0 PV ; si tienes 5-9 cartas diferentes, conseguirás 2 PV ; si tienes 10-14 Cartas distintas, ganarás 4 PV ; por 15 -19 Cartas diferentes, 6 "
Farming Village,Cornucopia,Action,1,$4,+2 Actions\nReveal cards from the top of your deck until you reveal an Action or Treasure card. Put that card into your hand and discard the other cards.,0,"Al ponerla en juego, empiez as a revelar Cartas de tu Mazo hasta descubrir una Carta de Acción o de Tesoro. Si te quedaras sin Cartas antes de descubrir una Acción o un Tesoro, tendrás que barajar tu Pila de Descartes (pero no las cartas reveladas hasta ese momento) para poder continuar; si al final no encuentras ninguna Carta de Acción o de Tesoro"
Followers,Cornucopia,Action-Attack-Prize,0,$0*,+2 Cards\nGain an Estate. Each other player gains a Curse and discards down to 3 cards in hand.\n(This is not in the Supply.),0,"Haz las cosas en el orden que aparecen: primero, roba 2 Cartas; a continuación, gana una Carta de “Finca” del Suministro y ponla en tu Pila de Descartes; después, los demás jugadores ganan cada uno una Carta de “Maldición” del Suministro (que deben poner en sus respectivas Pilas de Descartes); y por último, los demás jugadores deben descartarse has"
Fortune Teller,Cornucopia,Action-Attack,1,$3,+$2\nEach other player reveals cards from the top of his deck until he reveals a Victory or Curse card. He puts it on top and discards the other revealed cards.,0,"Cada uno de los demás Jugadores tendrá que revelar Cartas de su Mazo, hasta descubrir una Carta de Victoria o Maldición. Si el jugador se quedara sin Cartas antes de descubrir una, tendrá que barajar su Pila de Descartes (pero no las cartas reveladas hasta ese momento) para poder continuar; si al final no encontrara ninguna Carta de Victoria o Mald"
Hamlet,Cornucopia,Action,1,$2,"+1 Card\n+1 Action\nYou may discard a card; if you do, +1 Action.\nYou may discard a card; if you do, +1 Buy.",0,"Primero, roba una Carta y consigue +1 Acción adicional. A continuación, puedes descartar una Carta para conseguir +1 Acción adicional; o puedes descartar una Cart a para conseguir +1 Compra adicional; o puedes descartar dos Cartas para conseguir +1 Acción y +1 Compra adicionales; o incluso puedes no descartar ninguna Carta."
Harvest,Cornucopia,Action,1,$5,"Reveal the top 4 cards of your deck, then discard them. +$1 per differently named card revealed.",0,"Revela las 4 Cartas superiores de tu Mazo. Si no hubiera suficientes Cartas en el Mazo, revela las que puedas, baraja  tu Pila de Descartes (pero no las Cartas reveladas hasta ese momento) y revela las Cartas que falten. Si sigue sin haber Cartas suficientes en tu Mazo, limítate a revelar todas las que puedas."
Horn of Plenty,Cornucopia,Treasure,1,$5,"Worth $0\nWhen you play this, gain a card costing up to $1 per differently named card you have in play, counting this. If it's a Victory card, trash this.",0,
Horse Traders,Cornucopia,Action-Reaction,1,$4,"+1 Buy\n+$3\nDiscard 2 cards.\dWhen another player plays an Attack card, you may set this aside from your hand. If you do, then at the start of your next turn, +1 Card and return this to your hand.",0,"Al poner la Carta e n juego, consigues +1 Compra y +3 MONEDAS, pero debes descartar 2 Cartas de tu mano. Si no tuvieras suficientes Cartas en la mano, descarta las que puedas; sigues consiguiendo +1 Compra y + 3 MONEDAS igualmente."
Hunting Party,Cornucopia,Action,1,$5,+1 Card\n+1 Action\nReveal your hand. Reveal cards from your deck until you reveal a card that isn't a duplicate of one in your hand. Put it into your hand and discard the rest.,0,"Primero, robas una Carta y obtienes +1 Acción. A continuación, revela tu mano y empieza a revelar Cartas de tu Mazo, hasta descubrir una que no sea un duplicado de cualquier Carta que tuvieras en la mano. La Carta no será un duplicado cuando tenga el nombre diferente respecto a cualquier Carta de tu mano."
Jester,Cornucopia,Action-Attack,1,$5,"+$2\nEach other player discards the top card of his deck. If it's a Victory card he gains a Curse. Otherwise either he gains a copy of the discarded card or you do, your choice.",0,"Cualquier jugador que no tenga ninguna Carta en su Mazo tendrá que barajar su Pila de Descartes para formar un nuevo Mazo y poder descartar una Carta. Si no tuviera Cartas para hacerlo, no tendrá que descartarse de ninguna."
Menagerie,Cornucopia,Action,1,$3,"+1 Action\nReveal your hand. If there are no duplicate cards in it, +3 Cards. Otherwise, +1 Card.",0,"Si tienes en tu mano dos o más Cartas con el mismo nombre, sólo robarás una Carta; pero si todas las Cartas de tu mano son diferentes, robarás tres Cartas. Sólo deben tenerse en cuenta los nombres de las Cartas; y así, por ejemplo, “Cobre” y “Plata” se consideran Cartas diferentes, aunque ambas sean Cartas de Tesoro."
Princess,Cornucopia,Action-Prize,0,$0*,"+1 Buy\dWhile this is in play, cards cost $2 less, but not less than $0.\n(This is not in the Supply.)",0,"Esta Carta abarata el coste de todas las Cartas (hasta un mínimo de 0 MONEDAS) mientras se encuentre en juego. Cuando deje de estar en juego, las Cartas volverán a tener su coste normal. Este efecto se aplica a las Cartas que se encuentren en cualquier parte: las Cartas del Suministro, las de la mano y las del Mazo."
Remake,Cornucopia,Action,1,$4,"Do this twice: Trash a card from your hand, then gain a card costing exactly $1 more than the trashed card.",0,
Tournament,Cornucopia,Action,1,$4,"+1 Action\nEach player may reveal a Province from his hand.\nIf you do, discard it and gain a Prize (from the Prize pile) or a Duchy, putting it on top of your deck.\nIf no-one else does, +1 Card, +$1.",0,"Primero, obtienes +1 Acción. Luego, cada jugador, incluido tú, puede revelar una Carta de “Provincia” de su mano. A continuación, si tú has revelado una “Provincia”, la descartas, para ganar la Carta de Premio que elijas o bien una Carta de “Ducado”, poniendo la Carta que sca encima de tu Mazo."
Trusty Steed,Cornucopia,Action-Prize,0,$0*,Choose two: +2 Cards; or +2 Actions; or +$2; gain 4 Silvers and put your deck into your discard pile.,0,"Primero, elige dos opciones distintas de las cuatro posibles. A continuación, lleva a cabo las opc iones elegidas, en el mismo orden en que aparecen. Así, por ejemplo, si eliges la primera y la última de las opciones, primero robarás las dos Cartas y luego ganarás las Cartas de “Plata” y pondrás tu Mazo en tu Pila de Descartes."
Young Witch,Cornucopia,Action-Attack,1,$4,"+2 Cards\nDiscard 2 cards. Each other player may reveal a Bane card from his hand. If he doesn't, he gains a Curse.\dSetup: Add an extra Kingdom card pile costing $2 or $3 to the Supply. Cards from that pile are Bane cards.",0,"Esta Carta obliga a preparar en el Sumi nistro un mazo adicional, conocido como mazo de Perdición (consulta la sección “Preparación”). Este mazo adicional se considera un mazo del Suministro a todos los efectos: sus Cartas pueden ser compradas, o ganadas a través de otras  Cartas (como la Carta “ Cornucopia”) y se tiene en cuenta cuando se agota de"
Border Village,Hinterlands,Action,1,$6,"+1 Card\n+2 Actions\dWhen you gain this, gain a card costing less than this.",0,"Al ponerlo en juego, robas una Carta y puedes realizar dos Acciones más en este Turno. Cuando ganes esta Carta, también ganarás otra Carta del Suministro que tenga un coste menor que el coste del “Pueb lo Fronterizo”."
Cache,Hinterlands,Treasure,1,$5,"Worth $3\dWhen you gain this, gain two Coppers.",0,
Cartographer,Hinterlands,Action,1,$5,+1 Card\n+1 Action\nLook at the top 4 cards of your deck. Discard any number of them. Put the rest back on top in any order.,0,"Primero, roba una Carta. Luego mira las 4 Cartas superiores de tu Mazo. Si quedaran menos de 4 Cartas en tu Mazo, mira las que queden, baraja tu Pila de Descartes (que no incluirá esas Cartas) para formar un nuevo Mazo y seguir mirando las Cartas que te falten. Si siguiera sin haber Cartas suficientes, limítate a mirar tantas Cartas como puedas."
Crossroads,Hinterlands,Action,1,$2,"Reveal your hand.\n+1 Card per Victory card revealed. If this is the first time you played a Crossroads this turn, +3 Actions.",0,"Primero revela tu mano y luego roba una Carta por cada Carta de Victoria mostrada (si hay  alguna). Todas las Cartas que enseñes permanecerán en tu mano. Cualquier Carta que sea de varios tipos, siempre que uno de ellos sea Victoria, se considera una Carta de Victoria."
Develop,Hinterlands,Action,1,$3,"Trash a card from your hand.\nGain a card costing exactly $1 more than it and a card costing exactly $1 less than it, in either order, putting them on top of your deck.",0,"Primero, elimina una Carta de tu mano, si tienes alguna. La propia Carta “Desarrollo” jugada ya no se encontrará en tu mano, por lo que no podrá eliminarse a sí misma (aunque sí podrá eliminar otra Carta “Desarr ollo” que tengas en la mano)."
Duchess,Hinterlands,Action,1,$2,"+$2\nEach player (including you) looks at the top card of his deck, and discards it or puts it back.\dIn games using this, when you gain a Duchy, you may gain a Duchess.",0,"Al poner en juego esta Carta, consigues + 2 y cada jugador (incluido tú) debe mirar la Carta superior de su propio Mazo y elegir descartarla o devolverla nuevamente a la parte superior del Mazo. Cualquier jugador que no tenga ninguna Carta en su Mazo tendrá que barajar su Pila de Descartes primero; si aún así, el jugador sigue sin Cartas en su Mazo"
Embassy,Hinterlands,Action,1,$5,"+5 Cards\nDiscard 3 cards.\dWhen you gain this, each other player gains a Silver.",0,"Al poner esta Carta en juego, robas cinco Cartas, para descartar a continuación tres. Las tres Cartas descartadas pueden ser de las que tuvieras en la mano y/o de las que acabas de robar. Tendrás que descartar las tres Cartas (si es posible), aunque no hay as sido capaz de robar primero cinco Cartas (porque no hubiera suficientes entre tu Mazo y tu"
Farmland,Hinterlands,Victory,1,$6,"Worth 2VP\dWhen you buy this, trash a card from your hand. Gain a card costing exactly $2 more than the trashed card.",0,"Se trata de una Carta de Victoria, no de una Carta de Acción. Cada “Tierra de Labranza” que tengas te proporcionará 2 PV al final de la partida. Al comprar una “Tierra de Labranza”, tendrás que eliminar una Carta de tu mano (si es posible)."
Fool's Gold,Hinterlands,Treasure-Reaction,1,$2,"If this is the first time you played a Fool's Gold this turn, this is worth $1, otherwise it's worth $4.\dWhen another player gains a Province, you may trash this from your hand. If you do, gain a Gold, putting it on your deck.",0,"Es, a la vez, una Carta de Tesoro y una Reacción. Puedes ponerla en juego durante la Fase de Compra de tu Turno, como cualquier otro Tesoro. Al hacerlo, su valor será 1 si es el primer “Oro Falso” que juegas este Turno, o valdrá 4 en cualquier otro caso."
Haggler,Hinterlands,Action,1,$5,"+$2\dWhile this is in play, when you buy a card, gain a card costing less than it that is not a Victory card.",0,"Al poner en juego esta Carta, consigues + 2 . Mientras siga en juego, cada vez que compres una Carta, ganarás una Carta más barata que la Carta comprada, que no sea una Carta de Victoria. Por ejemplo, podrías comprar una “Provincia” y ganar un “Oro” gracias al “Regateador”. Ganar la Carta no es algo opcional, tienes que hacerlo."
Highway,Hinterlands,Action,1,$5,"+1 Card\n+1 Action\dWhile this is in play, cards cost $1 less, but not less than $0.",0,"Esta Carta reduce el coste de todas las Cartas (hasta un mínimo de 0 ), mientras esté en juego. Cuando deje de estar en juego, dejará de abaratar el coste de las Cartas. Este menor coste afecta a las Cartas que se encuentren en cualquier parte: las Cartas del Suministro, las Cartas de la mano o las Cartas de los Mazos."
Ill-Gotten Gains,Hinterlands,Treasure,1,$5,"Worth $1\nWhen you play this, you may gain a Copper, putting it into your hand.\dWhen you gain this, each other player gains a Curse.",0,"Se trata de una Carta de Tesoro, de valor 1 , como el “Cobre”. Al poner la Carta en juego, puedes ganar un “Cobre”. El “Cobre” ganado debe proceder del Suministro y se colocará directamente en tu mano, con lo que podrás utilizarlo inmediatamente. Si no quedara ninguna Carta de “Cobre” en el Suministro, no podrás ganarlo."
Inn,Hinterlands,Action,1,$5,"+2 Cards\n+2 Actions\nDiscard 2 cards.\dWhen you gain this, look through your discard pile (including this), reveal any number of Action cards from it, and shuffle them into your deck.",0,"Al poner en juego esta Carta, robas 2 Cartas, consigues +2 Acciones adicionales y luego descartas 2 Cartas. Las Cartas que descartes pueden ser de las que tuvieras en la mano y/o de las que acabas de robar. Tendrás que descartar las 2 Cartas (si tienes), aunque no hayas sido cap az de robar previamente 2 Cartas."
Jack of All Trades,Hinterlands,Action,1,$4,Gain a Silver.\nLook at the top card of your deck; discard it or put it back.\nDraw until you have 5 cards in hand.\nYou may trash a card from your hand that is not a Treasure.,0,"Esta Carta hace cuatro cosas distintas, en el orden en que aparecen en el texto, y tendrás que hacerlas todas (menos la última, que es opcional). En primer lugar, ganas una “Plata” del Suminis tro, que se coloca en tu Pila de Descartes. Si no quedara ninguna “Plata” en el Suministro, no podrás ganarla."
Mandarin,Hinterlands,Action,1,$5,"+$3\nPut a card from your hand on top of your deck.\dWhen you gain this, put all Treasures you have in play on top of your deck in any order.",0,"Al poner en juego esta Carta, consigues + 3 y pones una Carta de tu mano encima de tu Mazo. Si no te queda ninguna Carta en la mano, no podrás ponerla sobre tu Mazo. Si no quedaba ninguna Carta en tu Mazo, la Carta de tu mano que pongas en él será la única Carta del Mazo."
Margrave,Hinterlands,Action-Attack,1,$5,"+3 Cards\n+1 Buy\nEach other player draws a card, then discards down to 3 cards in hand.",0,"Robas 3 Cartas y obtienes +1 Compra. Los demás jugadores robarán una Carta cada uno, y luego se descartarán hasta quedarse con tres Cartas en la mano. Robar la Carta no es algo opcional para ellos. Un jugador que solo tenga tres Cartas (o menos) en la mano, después de robar la Carta, no tendrá que descartarse de ninguna"
Noble Brigand,Hinterlands,Action-Attack,1,$4,"+$1\nWhen you buy this or play it, each other player reveals the top 2 cards of his deck, trashes a revealed Silver or Gold you choose, and discards the rest. If he didn't reveal a Treasure, he gains a Copper. You gain the trashed cards.",0,"Al poner en juego esta Carta, consigues +1 DINERO. Al comprar la Carta y cada vez que la pongas en juego, cada uno de los demás jugadores debe revelar las dos primeras Cartas de su Mazo, eliminando una “Plata” o un “Oro” que haya mostrado (a elección tuya) y descartando el resto."
Nomad Camp,Hinterlands,Action,1,$4,"+1 Buy\n+$2\dWhen you gain this, put it on top of your deck.",0,"Al ganar esta Carta, se coloca sobre tu Mazo, en lugar de ir a tu Pila de Descartes. Y esto ocurre tanto si compras el “Campamento Nómada”, como si ganas la Carta de cualquier otra forma. Si no quedara ninguna otra Carta en tu Mazo, el “Campamento Nómada” se convertirá en la única Carta del mismo"
Oasis,Hinterlands,Action,1,$3,+1 Card\n+1 Action\n+$1\nDiscard a card.,0,
Oracle,Hinterlands,Action-Attack,1,$3,"Each player (including you) reveals the top 2 cards of his deck, and you choose one: either he discards them, or he puts them back on top in an order he chooses.\n+2 Cards",0,"En primer lugar, cada jugador (incluido tú) re vela las dos primeras Cartas de su Mazo y descarta ambas Cartas o las devuelve al Mazo nuevamente, a elección tuya. El jugador que devuelva sus Cartas al Mazo podrá ponerlas en el orden que él quiera, sin que tenga que declararlo."
Scheme,Hinterlands,Action,1,$3,"+1 Card\n+1 Action\nAt the start of Clean-up this turn, you may choose an Action card you have in play. If you discard it from play this turn, put it on your deck.",0,"Al poner en juego esta Carta, robas una Carta, consigues +1 Acción adicional y preparas un efecto que se activará en ese mismo Turno, algo más tarde, concretamente al comienzo de tu Fase de Mantenimiento. Justo en ese momento, y de manera opcional, podrás elegir una Carta de Acción de las que tengas en juego."
Silk Road,Hinterlands,Victory,1,$4,Worth 1VP for every 4 Victory cards in your deck (round down).,0,"Se trata de una Carta de Victoria, no de una Carta de Acción. No produce ningún efecto hasta el final de la  partida, cuando cada “Ruta de la Seda” que tengas te proporcionará 1 PV por cada cuatro Cartas de Victoria que tengas en tu Mazo (contando todas tus Cartas, incluso las de tu Pila de Descartes)."
Spice Merchant,Hinterlands,Action,1,$4,"You may trash a Treasure from your hand. If you do, choose one:\n+2 Cards and +1 Action;\nor +$2 and +1 Buy.",0,"Al poner en juego esta Carta, puedes, opcionalmente, eliminar una Carta de Tesoro de tu mano.. Si eliminas el Tesoro de tu mano, tendrás que escoger entre dos opciones: conseguir +2 Cartas y +1 Acción, o bien + 2 y +1 Compra. OASIS: Debes robar la Carta, antes de descartarte. De hecho, puedes descartar la misma Carta que acabas de robar."
Stables,Hinterlands,Action,1,$5,"You may discard a Treasure. If you do, +3 Cards and +1 Action.",0,"Al poner en juego esta Carta, y de manera opcional, puedes descartar una Carta de Tesoro de tu mano.  Si lo haces, obtienes +3 Cartas y +1 Acción. Robas las Cartas después de haber descartado el Tesoro, de tal manera que si tienes que barajar tu Pila de Descartes para seguir robando Cartas, puede que robes la misma Carta de Tesoro que descartaste"
Trader,Hinterlands,Action-Reaction,1,$4,"Trash a card from your hand. Gain a number of Silvers equal to its cost in coins.\dWhen you would gain a card, you may reveal this from your hand. If you do, instead, gain a silver.",0,"Al poner en juego esta Carta, tienes que eliminar una Carta de tu mano y, si l o haces, ganar tantas Cartas de “Plata” como el coste en monedas de la Carta eliminada. Las Cartas de “Plata” ganadas proceden del Suministro y se colocan en tu Pila de Descartes. Si no hubiera suficientes Cartas de “Plata” en el Suministro, ganarás las qu e puedas."
Tunnel,Hinterlands,Victory-Reaction,1,$3,"Worth 2VP\dWhen you discard this other than during a Clean-up phase, you may reveal it. If you do, gain a Gold.",0,"Esta Carta es a la vez una Carta de Victoria y una Reacción. Al final de la partida, cada Túnel que tengas te proporcionará 2 PV. El efecto de Reacción del “Túnel” se activa cuando descartas la Carta; pero no puedes elegir descartar el “Túnel”, algo tendrá que hacer que lo descartes."
Colony,Base Cards,Victory,0,$11,Worth 10VP,0,"No se trata de una Carta de Reino. Es una Carta de Victoria que vale 10 PV, pero que no se usa en todas las partidas; consulta la sección “Preparación” para más detalles"
Copper,Base Cards,Treasure,0,$0,Worth $1,0,
Curse,Base Cards,Curse,0,$0,Worth -1VP,0,
Duchy,Base Cards,Victory,0,$5,Worth 3VP,0,
Estate,Base Cards,Victory,0,$2,Worth 1VP,0,
Gold,Base Cards,Treasure,0,$6,Worth $3,0,
Platinum,Base Cards,Treasure,0,$9,Worth $5,0,"No se trata de una Carta de Reino. Es una Carta de Tesoro de valor (5), que no se usa en todas las partidas; consulta la sección “Preparación” para más detalles"
Potion,Base Cards,Treasure,0,$4,Worth ,0,
Province,Base Cards,Victory,0,$8,Worth 6VP,0,
Silver,Base Cards,Treasure,0,$3,Worth $2,0,
Abandoned Mine,Dark Ages,Action-Ruins,0,$0,$1 ,0,Al jugarla únicamente obtienes + 1 MONEDA. Se trata de una carta de Ruinas (véase los apartados “Reglas adicionales” y “Preparación”)
Altar,Dark Ages,Action,1,$6,Trash a card from your hand. Gain a card costing up to $5.,0,Eliminas una carta de tu mano si puedes y luego ganas una carta (tanto si eliminaste una como si no). La carta que ganes debe provenir del suministro y dejarse en tu pila de descartes
Armory,Dark Ages,Action,1,$4,Gain a card costing up to $4. Put it on top of your deck.,0,La carta que ganes debe provenir del suministro y dejarse encima de tu mazo
Band of Misfits,Dark Ages,Action,1,$5,Play this as if it were an Action card in the Supply costing less than it that you choose.\nThis is that card until it leaves play.,0,Al jugarla eliges una carta de Acción del suministro que cueste menos que ésta y luego tratas la Banda de Rufianes como si fuera la carta que has elegido. Normalmente esto sólo supondrá seguir las in strucciones que aparezcan en la carta que hayas elegido.
Bandit Camp,Dark Ages,Action,1,$5,+1 Card\n+2 Actions\nGain a Spoils from the Spoils pile.,0,"Roba la carta antes de ganar el Botín. El Botín debe provenir del montón de Botines, que no forma parte del suministro, y dejarse en la pila de descartes. Si no quedaran cartas de Botín, no conseguirías ninguna"
Beggar,Dark Ages,Action-Reaction,1,$2,"Gain 3 Coppers, putting them into your hand.\dWhen another player plays an Attack card, you may discard this. If you do, gain two Silvers, putting one on top of your deck.",0,"Al jugar esta carta ganas tres cartas de Cobre del suministro y las pones en tu mano. Si hubiera menos de tres Cobres disponibles, ganarías tantos como pudieras. Cuando otro jugador ju egue una carta de Ataque, puedes descartar el Mendigo de tu mano."
Catacombs,Dark Ages,Action,1,$5,"Look at the top 3 cards of your deck. Choose one: Put them into your hand; or discard them and +3 Cards.\dWhen you trash this, gain a cheaper card.",0,"Al jugar las Catacumbas miras las tres primeras car tas de tu mazo y, o bien las pones todas en tu mano o bien las descartas y robas las tres cartas siguientes. Si las descartaras y tuvieras que barajar para poder robar tres cartas, tendrías que mezclar también las cartas que hubieras descartado, de modo qu e sería posible que volvieras a robar alg"
Count,Dark Ages,Action,1,$5,Choose one: Discard 2 cards; put a card from your hand on top of your deck; or gain a Copper.\nChoose one: +$3; trash your hand; or gain a Duchy.,0,"Esta carta te obliga a elegir en dos apartados distintos: primero o bien te descartas de dos cartas, o bien pones una carta de tu mano encima de tu mazo o bien ganas una carta de Cobre. Después de elegir cualquiera de las tres opciones, o bien recibes + 3 MONEDAS, o bien eliminas toda tu mano o bien ganas un Ducado."
Counterfeit,Dark Ages,Treasure,1,$5,"Worth $1\n+1 Buy\nWhen you play this, you may play a treasure from your hand twice. If you do, trash that treasure.",0,"Es una carta de Tesoro que aporta 1 MONEDA . Se debe jugar en la fase de compra, como el resto de Tesoros. Al jugarla también recibes +1 compra y podrías jugar una carta de Tesoro adicional de la mano dos veces. Si decidieras hacerlo, deberías eliminar ese Tesoro (aunque conseguirías las monedas que te aportara ese Tesoro, a pesar de eliminarlo)."
Cultist,Dark Ages,Action-Attack-Looter,1,$5,"+2 Cards\nEach other player gains a Ruins. You may play a Cultist from your hand.\dWhen you trash this, +3 Cards.",0,Al jugarlo robas dos cartas y luego el resto de jugadores ganan una carta de Ruinas. La carta de Ruinas deberá provenir del montón de Ruinas del suministro y dejarse en la pila de descartes de cada jugador.
Dame Anna,Dark Ages,Action-Attack-Knight,1,$5,"You may trash up to 2 cards from your hand.\nEach other player reveals the top 2 cards of his deck, trashes one of them costing from $3 to $6, and discards the rest. If a Knight is trashed by this, trash this card.",0,
Dame Josephine,Dark Ages,Action-Attack-Knight-Victory,1,$5,"Worth 2VP\nEach other player reveals the top 2 cards of his deck, trashes one of them costing from $3 to $6, and discards the rest. If a Knight is trashed by this, trash this card.",0,
Dame Molly,Dark Ages,Action-Attack-Knight,1,$5,"+2 Actions.\nEach other player discards the top 2 cards of his deck, and trashes one of them costing from $3 to $6. If a Knight is trashed by this, trash this card.",0,
Dame Natalie,Dark Ages,Action-Attack-Knight,1,$5,"You may gain a card costing up to $3.\nEach other player reveals the top 2 cards of his deck, trashes one of them costing from $3 to $6, and discards the rest. If a Knight is trashed by this, trash this card.",0,
Dame Sylvia,Dark Ages,Action-Attack-Knight,1,$5,"+$2\nEach other player reveals the top 2 cards of his deck, trashes one of them costing from $3 to $6, and discards the rest. If a Knight is trashed by this, trash this card.",0,
Death Cart,Dark Ages,Action-Looter,1,$4,"+$5\nYou may trash an Action card from your hand. If you don't, trash this.\dWhen you gain this, gain 2 Ruins.",0,"Al jugar el Carro de los Muertos consigues + 5 MONEDAS y, o bien eliminas una carta de Acción de tu mano o bien eliminas el Carro de los Muertos. Si no tuvieras ninguna carta de Acción en la mano tendrías que eliminar el Carro de los Muertos, pero también podrías eliminar el Carro de los Muertos aun teniendo una carta de Acción en la mano."
Feodum,Dark Ages,Victory,1,$4,"Worth 1VP for every 3 Silvers in your deck.\dWhen you trash this, gain 3 Silvers.",0,"Se trata de una carta de Victoria. En las partidas con 2 jugadores sólo debe haber 8, mientras que en las partidas con 3 o más jugadores habrá 12 Feudos. Al final de la partida, c ada Feudo valdrá 1 PV por cada 3 cartas de Plata que tengas en tu mazo, redondeando hacia abajo. Si eliminas un Feudo, ganarás 3 Platas."
Forager,Dark Ages,Action,1,$3,+1 Action\n+1 Buy\nTrash a card from your hand. +$1 per differently named Treasure in the trash.,0,"Elimina una carta de tu mano si puedes. Tanto si has podido como si no, consigues + 1 MONEDA por cada carta de Tesoro con un nombre distinto que haya entre las cartas eliminadas, además de +1 acción y +1 compra. Si hubiera varias copias de una  misma carta de Tesoro, no se incrementaría la cifra que obtienes."
Fortress,Dark Ages,Action,1,$4,"+1 Card\n+2 Actions\dWhen you trash this, put it into your hand.",0,"Al jugar la Fortaleza robas una carta y obtienes +2 acciones. Si la eliminaras, la recuperarías de entre las cartas eliminadas y la devolverías a tu mano. Esto sucede sea de quien sea el turno que se esté realizando. No es opcional. Aunque la recuperes, se considera que ya la has eliminado."
Graverobber,Dark Ages,Action,1,$5,"Choose one: Gain a card from the trash costing from $3 to $6, putting it on top of your deck; or trash an Action card from your hand and gain a card costing up to $3 more than it.",0,"Elige la opción que desees y luego aplica esa opción en la medida de lo posible (podrías elegir una opción aunque no pudieras cumplirla). Puedes repasar las cartas eliminadas en cualquier momento. Si decidieras recuperar una de las cartas eliminadas, primero deberías mostrarla al resto de jugadores y luego dejarla en la parte superior de tu mazo."
Hermit,Dark Ages,Action,1,$3,"Look through your discard pile. You may trash a card from your discard pile or hand that is not a Treasure. Gain a card costing up to $3.\dWhen you discard this from play, if you didn't buy any cards this turn, trash this and gain a Madman from the Madman pile.",0,"Al jugarlo podrás repasar tu pila de descartes y luego eliminar una carta que no sea un Tesoro de tu mano o de tu pila de descartes. No estás obligado a eliminar ninguna carta. Una carta que sea de varios tipos, uno de los cuales sea un Tesoro (como el Harén de Intriga), se considera un Tesoro."
Hovel,Dark Ages,Reaction-Shelter,0,$1,"When you buy a Victory card, you may trash this from your hand.",0,"Se trata de un Cobijo (véase “Preparación”), por lo que nunca está en el suministro. Al comprar una carta de Victoria, si tienes la Casucha en tu mano, pued es eliminarla. Una carta con varios tipos, uno de los cuales sea de Victoria, se considera una carta de Victoria. Al eliminar una Casucha no consigues nada; simplemente te desprendes de ella"
Hunting Grounds,Dark Ages,Action,1,$6,"+4 Cards\dWhen you trash this, gain a Duchy or 3 Estates",0,"Al jugar esta carta robas 4 cartas. Si la eliminas, o bien ganas un Ducado o bien ganas tres Fincas, según desees. Estas cartas deberán provenir del suministro y dejarse en tu pila de descartes. Si optaras por las 3 Fincas y quedaran menos de 3, ganarías tantas como pudieras"
Ironmonger,Dark Ages,Action,1,$4,"+1 Card\n+1 Action\nReveal the top card of your deck; you may discard it. Either way, if it is an...\nAction card, +1 Action\na Treasure card, +$1\na Victory card, +1 Card",0,"Primero robas una carta y luego revelas la carta superior de tu mazo y decides si la descartas o la dejas donde estaba. Finalmente consigues una bonificación según el tipo de carta que hayas revelado. Una carta que tenga dos tipos distintos te dará las dos bonificaciones (por ejemplo, si revelaste un Harén de Intriga, robarías una carta y conseguir"
Junk Dealer,Dark Ages,Action,1,$5,+1 Card\n+1 Action\n+$1\nTrash a card from your hand.,0,"Deberás eliminar una carta de tu mano siempre que puedas. Antes de eliminar la carta, deberás robar una"
Madman,Dark Ages,Action,0,$0*,"+2 Actions\nReturn this to the Madman pile. If you do, +1 Card per card in your hand.\n(This is not in the Supply.)",0,"Esta carta no está en el suministro; sólo puede conseguirse con el Ermitaño. Al jugar esta carta obtendrías +2 acciones, la devolverías al montón del Loco siempre que pudieras y, si la devolviste, robarías una carta por cada carta que tuvieras en la mano."
Marauder,Dark Ages,Action-Attack-Looter,1,$4,Gain a Spoils from the Spoils pile. Each other player gains a Ruins.,0,"Primero ganarás una carta de Botín, que deberás tomar del montón de Botines (que no forma parte del suministro) y dejar en tu pila de descartes. Si no quedara ninguna carta de Botín, no conseguirías ninguna."
Market Square,Dark Ages,Action-Reaction,1,$3,"+1 Card\n+1 Action\n+1 Buy\dWhen one of your cards is trashed, you may discard this from your hand. If you do, gain a Gold.",0,"Al jugar esta carta, robas una carta y consigues +1 acción y +1 compra. Cuando elimines una de tus cartas, puedes descartar la Plaza del Mercado de tu mano. Si lo hicieras, conseguirías un Oro. El Oro deberá provenir d el suministro y dejarse en tu pila de descartes. Si no quedara Oro en el suministro, no ganarías ninguno."
Mercenary,Dark Ages,Action-Attack,0,$0*,"You may trash 2 cards from your hand. If you do, +2 Cards, + $2, and each other player discards down to 3 cards in hand.\n(This is not in the Supply.)",0,"Esta carta no está en el suministro; sólo puede conseguirse mediante el Pillastre. Al jugar esta carta puedes eliminar 2 cartas de tu man o. Si lo hicieras, robarías 2 cartas, conseguirías + 2 MONEDAS y el resto de jugadores se descartaría hasta quedarse con 3 cartas en la mano. Los jugadores que ya tengan 3 o menos cartas no se descartarían."
Mystic,Dark Ages,Action,1,$5,"+1 Action\n+$2\nName a card.\nReveal the top card of your deck. If it's the named card, put it into your hand.",0,"Obtienes +1 acción y + 2 MONEDAS. Después nombras una carta (por ejemplo “Cobre”, pero no “Tesoro”) y desvelas la carta superior de tu mazo. Si la carta que has desvelado es la misma que nombraste, pon la carta revelada en tu mano. Si no coincidiera, devuelve la carta revelada a la parte superior del mazo."
Necropolis,Dark Ages,Action-Shelter,0,$1,+2 Actions,0,Se trata de un Cobijo (véase “Preparación”). Nunca está en el suministro. Es un a carta de Acción; al jugarla obtienes +2 acciones
Overgrown Estate,Dark Ages,Victory-Shelter,0,$1,"Worth 0 VP\dWhen you trash this, +1 Card.",0,"Se trata de un Cobijo (ver “Preparación”). Nunca está en el suministro. Es una carta de Victoria, a pesar de que vale 0 PV. Si la eliminaras, robarías una carta en ese momento, incluso aunque el efecto de otra carta estuviera a medio resolver."
Pillage,Dark Ages,Action-Attack,1,$5,Trash this. Each other player with 5 or more cards in hand reveals his hand and discards a card that you choose. Gain 2 Spoils.,0,"Primero elimina el Pillaje. Después cada jugador que tenga 5 o más cartas en la mano deberá mostrar su mano y descartarse de la carta que tú elijas. Este efecto se aplica por turnos, empezando por el jugador de tu izquierda. Después ganas 2 cartas de Botín (que no forman parte del suministro), que deberás dejar en tu pila de descartes."
Poor House,Dark Ages,Action,1,$1,"+$4\nReveal your hand. -$1 per Treasure card in your hand, to a minimum of $0.",0,"Primero consigues + 4 MONEDAS . Luego muestras tu mano y pierdes  1 MONEDA por cada carta de Tesoro que tengas en ella. Podrías perder más de 4 MONEDAS, pero la cantidad de monedas disponibles para gastar nunca puede bajar por debajo de 0 MONEDAS."
Procession,Dark Ages,Action,1,$4,You may play an Action card from your hand twice. Trash it. Gain an Action card costing exactly $1 more than it.,0,"Jugar una carta de Acción de la mano es opcional. Si jugaras una, la jugarías una segunda vez, después la eliminarías y finalmente ganarías una carta de Acción que costara exactamente 1 MONEDA más que ella (incluso si, por algún motivo, no lograste eliminarla)."
Rats,Dark Ages,Action,1,$4,"+1 Card\n+1 Action\nGain a Rats. Trash a card from your hand other than a Rats (or reveal a hand of all Rats).\dWhen you trash this, +1 Card.",0,"Sigue las instrucciones en el orden en que aparecen. Primero robas una carta, luego ganas unas Ratas del suministro y las dejas en tu pila de descartes y finalmente eliminas una carta de tu mano que no sean unas Ratas. Si no quedaran cartas de Ratas, no conseguirías ninguna."
Rebuild,Dark Ages,Action,1,$5,+1 Action\nName a card. Reveal cards from the top of your deck until you reveal a Victory card that is not the named card. Discard the other cards. Trash the Victory card and gain a Victory card costing up to $3 more than it.,0,"Puedes nombrar cualquier carta, incluida una que no se utilice en esta partida o una que sea una carta de Victoria. Después irás descubriendo cartas de tu mazo hasta que reveles una carta de Victoria que no coincida con la que nombraste."
Rogue,Dark Ages,Action-Attack,1,$5,"+$2\nIf there are any cards in the trash costing from $3 to $6, gain one of them. Otherwise, each other player reveals the top 2 cards of his deck, trashes one of them costing from $3 to $6, and discards the rest.",0,"Al jugarlo robas una carta, consigues +1 acción y luego cada uno de los demás jugadores se descarta hasta quedarse con 4 cartas en la mano. Los jugadores que ya tengan 4 o menos cartas no se ven afectados. Mientras el Pillastre esté en juego, si jugaras ot ra carta de Ataque, antes de resolverla podrías eliminar el Pillastre."
Ruined Library,Dark Ages,Action-Ruins,0,$0,+1 Card,0,Al jugarla robas una carta. Se trata de una carta de Ruinas (véase “Reglas adicionales” y “Preparación”)
Ruined Market,Dark Ages,Action-Ruins,0,$0,+1 Buy,0,Al jugarlo consigues +1 compra. Se trata de una carta de Ruinas (véase “Reglas adicionales” y “Preparación”)
Ruined Village,Dark Ages,Action-Ruins,0,$0,+1 Action,0,Al jugarlo consigues +1 acción. Se trata de una carta de Ruinas (véase “Re glas adicionales” y “Preparación”)
Sage,Dark Ages,Action,1,$3,+1 Action\nReveal cards from the top of your deck until you reveal one costing $3 or more. Put that card into your hand and discard the rest.,0,"Si te quedaras sin cartas por revelar, barajarías tu pila de descartes (sin incluir las cartas reveladas) y seguirías con el proceso. Si te quedaras sin cartas por revelar y no hubiera ninguna carta en tu pila de descartes, descartarías todas las cartas reveladas y no conseguirías ninguna carta."
Scavenger,Dark Ages,Action,1,$4,+$2\nYou may put your deck into your discard pile. Look through your discard pile and put one card from it on top of your deck.,0,"Poner tu mazo en tu pila de descartes es opcional, pero poner una carta de tu pila de descartes encima de tu mazo no lo es; estás obligado a hacerlo a menos que no hubiera ninguna carta en tu pila de descartes. Poner tu mazo en tu pila de descartes no activaría el Túnel (Comarcas)."
Sir Bailey,Dark Ages,Action-Attack-Knight,1,$5,"+1 Card\n+1 Action\nEach other player reveals the top 2 cards of his deck, trashes one of them costing from $3 to $6, and discards the rest. If a Knight is trashed by this, trash this card.",0,
Sir Destry,Dark Ages,Action-Attack-Knight,1,$5,"+2 Cards\nEach other player reveals the top 2 cards of his deck, trashes one of them costing from $3 to $6, and discards the rest. If a Knight is trashed by this, trash this card.",0,
Sir Martin,Dark Ages,Action-Attack-Knight,1,$4,"+2 Buys\nEach other player reveals the top 2 cards of his deck, trashes one of them costing from $3 to $6, and discards the rest. If a Knight is trashed by this, trash this card.",0,
Sir Michael,Dark Ages,Action-Attack-Knight,1,$5,"Each other player discards down to 3 cards in hand.\nEach other player reveals the top 2 cards of his deck, trashes one of them costing from $3 to $6, and discards the rest. If a Knight is trashed by this, trash this card.",0,
Sir Vander,Dark Ages,Action-Attack-Knight,1,$5,"Each other player reveals the top 2 cards of his deck, trashes one of them costing from $3 to $6, and discards the rest. If a Knight is trashed by this, trash this card.\dWhen you trash this, gain a Gold.",0,
Spoils,Dark Ages,Treasure,0,$0*,"Worth $3\nWhen you play this, return it to the pile.\n(This is not in the Supply.)",0,"Esta carta nunca está en el suministro; sólo se puede conseguir mediante el Campamento de Bandidos, el Salteador o el Pillaje. Al jugar el Botín podrás gastar + 3 MONEDAS en este turno y devolver el Botín a su montón. No estás  obligado a jugar ningún Tesoro de la mano"
Squire,Dark Ages,Action,1,$2,"+$1\nChoose one: +2 Actions; or +2 Buys; or gain a Silver.\dWhen you trash this, gain an Attack card.",0,"Al jugarlo obtienes + 1 MONEDA y puedes elegir entre +2 acciones, +2 compras o ganar una carta de Plata. La Plata deberá provenir del suministro y dejarse en tu pila de descartes. Si por algún motivo el Escudero fuera eliminado, conseguirías una carta de Ataque (que deberá provenir del suministro y dejarse en la pila de descartes)."
Storeroom,Dark Ages,Action,1,$3,+1 Buy\nDiscard any number of cards. +1 Card per card discarded. Discard any number of cards. +$1 per card discarded the second time.,0,
Survivors,Dark Ages,Action-Ruins,0,$0,Look at the top 2 cards of your deck. Discard them or put them back in any order.,0,O bien te descartas de ambas cartas o bien pones ambas cartas encima de tu mazo; no puedes descartarte solamente de u na carta. Se trata de una carta de Ruinas (véase “Reglas adicionales” y “Preparación”). T
Urchin,Dark Ages,Action-Attack,1,$3,"+1 Card\n+1 Action\nEach other player discards down to 4 cards in hand.\dWhen you play another Attack card with this in play, you may trash this. If you do, gain a Mercenary from the Mercenary pile.",0,"Si hubiera una carta eliminada que costara entre 3 y 6 MONEDAS, tendrás que quedarte con ella; no es opcional. Puedes mirar las cartas eliminadas en cualquier momento. El resto de jugadores pueden ver la carta que te hayas quedado. La carta ganada deberá dejarse en tu pila de descartes."
Vagrant,Dark Ages,Action,1,$2,"+1 Card\n+1 Action\nReveal the top card of your deck. If it's a Victory card, Curse, Ruins, or Shelter, put it into your hand.",0,"Robas una carta antes de desvelar la carta superior de tu mazo. Si la carta superior de tu mazo es una Maldición, unas Ruinas, un Cobijo o una carta de Victoria, ponla en tu mano. Si no lo es, déjala donde estaba. Una carta que tenga más de un tipo irá a tu mano si al menos uno de estos tipos es Maldición, Ruinas, Cobijo o Victoria"
Wandering Minstrel,Dark Ages,Action,1,$4,+1 Card\n+2 Actions\nReveal the top 3 cards of your deck. Put the Actions back on top in any order and discard the rest.,0,"Primero roba una carta y luego descubre las 3 primeras cartas de tu ma zo, mezclando tu pila de descartes si no tuvieras suficientes cartas en tu mazo. Si después de mezclar tus descartes todavía no hubiera suficientes cartas, revela todas las que puedas."
Advisor,Guilds,Action,1,$4,+1 Action\nReveal the top 3 cards of your deck. The player to your left chooses one of them. Discard that card. Put the other cards into your hand.,0,+1 Acción\nReveluna el  3 cartas superioes de tu mazo. El  player a tu left chooses ene de el m. Descartuna that carta. Put el  oel r cartas en tu mano.
Baker,Guilds,Action,1,$5,+1 Card\n+1 Action\nTake a Coin token.\dSetup: Each player takes a Coin token.,0,+1 Carta\n+1 Acción\nTake una Coin aken.\dPreparación: Each player takes una Coin aken.
Butcher,Guilds,Action,1,$5,"Take 2 Coin tokens. You may trash a card from your hand and then pay any number of Coin tokens. If you did trash a card, gain a card with a cost of up to the cost of the trashed card plus the number of Coin tokens you paid.",0,"Take 2 Coin akens. Puedes eliminar una cartuna de tu mano y luego pay any number de Coin akens. If tú did eliminar una carta, ganuna una cartuna cen una cost de up a el  cost de el  eliminaduna cartuna plus el  number de Coin akens tú paid."
Candlestick Maker,Guilds,Action,1,$2,+1 Action\n+1 Buy\nTake a Coin token.,0,+1 Acción\n+1 Compra\nTake una Coin aken.
Doctor,Guilds,Action,1,$3+,"Name a card. Reveal the top 3 cards of your deck. Trash the matches. Put the rest back on top in any order.\dWhen you buy this, you may overpay for it. For each $1 you overpaid, look at the top card of your deck; trash it, discard it, or put it back.",0,"Name una carta. Reveluna el  3 cartas superioes de tu mazo. Eliminar el  matches. Put el  rest back en ap in any oder.\dWhen tú buy this, puedes overpay po it. Fo each $1 tú overpaid, look at el  cartuna superio de tu mazo; eliminar it, descartuna it, o put it back."
Herald,Guilds,Action,1,$4+,"+1 Card\n+1 Action\nReveal the top card of your deck. If it is an Action, play it.\dWhen you buy this, you may overpay for it. For each $1 you overpaid, look through your discard pile and put a card from it on top of your deck.",0,"+1 Carta\n+1 Acción\nReveluna el  cartuna superio de tu mazo. If it is an Acción, play it.\dWhen tú buy this, puedes overpay po it. Fo each $1 tú overpaid, look through tu descartuna pile y put una cartuna de it en ap de tu mazo."
Journeyman,Guilds,Action,1,$5,Name a card. Reveal cards from the top of your deck until you reveal 3 cards that are not the named card. Put those cards into your hand and discard the rest.,0,Name una carta. Reveluna cartas de luna parte superio de tu mazo until tú reveluna 3 cartas that are not el  named carta. Put those cartas en tu mano y descartuna el  rest.
Masterpiece,Guilds,Treasure,1,$3+,"Worth $1\dWhen you buy this, you may overpay for it. If you do, gain a Silver per $1 you overpaid.",0,"Woth $1\dWhen tú buy this, puedes overpay po it. Si lo haces, ganuna una Platuna per $1 tú overpaid."
Merchant Guild,Guilds,Action,1,$5,"+1 Buy\n+$1.\dWhile this is in play, when you buy a card, take a Coin token.",0,"+1 Compra\n+1.\dWhile this is in play, when tú buy una carta, take una Coin aken."
Plaza,Guilds,Action,1,$4,"+1 Card. +2 Actions. You may discard a Treasure card. If you do, take a Coin token.",0,"+1 Carta. +2 Accienes. Puedes descartuna una cartuna de Tesoo. Si lo haces, take una Coin aken."
Soothsayer,Guilds,Action-Attack,1,$5,Gain a Gold. Each other player gains a Curse. Each player who did draws a card.,0,Ganuna una Oro. Each oel r player ganas una Maldición. Each player who did robas una carta.
Stonemason,Guilds,Action,1,$2+,"Trash a card from your hand. Gain 2 cards each costing less than it.\dWhen you buy this, you may overpay for it. If you do, gain 2 Action cards each costing the amount you overpaid.",0,"Eliminar una cartuna de tu mano. Ganuna 2 cartas each costing less than it.\dWhen tú buy this, puedes overpay po it. Si lo haces, ganuna 2 cartuna de Accións each costing el  amount tú overpaid."
Taxman,Guilds,Action-Attack,1,$4,"You may trash a Treasure from your hand. Each other player with 5 or more cards in hand discards a copy of it (or reveals a hand without it). Gain a Treasure card costing up to $3 more than the trashed card, putting it on top of your deck.",0,"Puedes eliminar una Tesoo de tu mano. Each oel r player cen 5 o moe cartas in mano descartas una copy de it (o revelas una mano cenout it). Ganuna una cartuna de Tesoo costing up a $3 moe than el  eliminaduna carta, putting it en ap de tu mazo."
Alms,Adventures,Event,0,$0,"Once per turn: If you have no Treasures in play, gain a card costing up to $4.",0,"Once per turn: If tú have no Tesoos in play, ganuna una cartuna costing up a $4."
Amulet,Adventures,Action-Duration,1,$3,"Now and at the start of your next turn, choose one: +$1; or trash a card from your hand; or gain a Silver.",0,"Now y at el  start de tu próximo turno, choose ene: +1; o eliminar una cartuna de tu mano; o ganuna una Plata."
Artificer,Adventures,Action,1,$5,"+1 Action\n+1 Card\n+$1\nDiscard any number of cards. You may gain a card costing exactly $1 per card discarded, putting it on top of your deck.",0,"+1 Acción\n+1 Carta\n+1\nDescartuna any number de cartas. Puedes ganuna una cartuna costing exactly $1 per cartuna descartada, putting it en ap de tu mazo."
Ball,Adventures,Event,0,$5,Take your -$1 token. Gain 2 cards each costing up to $4.,0,Take tu -$1 aken. Ganuna 2 cartas each costing up a $4.
Bonfire,Adventures,Event,0,$3,Trash up to 2 cards you have in play.,0,Eliminar up a 2 cartas tú have in play.
Borrow,Adventures,Event,0,$0,"+1 Buy\nOnce per turn: If your -1 Card token isn't on your deck, put it there and +$1.",0,"+1 Compra\nOnce per turn: If tu -1 Cartuna aken isn't en tu mazo, put it el re y +1."
Bridge Troll,Adventures,Action-Attack-Duration,1,$5,"Each other player takes his -$1 token. Now and at the start of your next turn:\n+1 Buy\dWhile this is in play, cards cost $1 less on your turns, but not less than $0.",0,"Each oel r player takes his -$1 aken. Now y at el  start de tu próximo turno:\n+1 Compra\dWhile this is in play, cartas cost $1 less en tu turns, but not less than $0."
Caravan Guard,Adventures,Action-Duration-Reaction,1,$3,"+1 Card\n+1 Action\nAt the start of your next turn, +$1.\dWhen another player plays an Attack card, you may play this from your hand. (+1 Action has no effect if it's not your turn.)",0,"+1 Carta\n+1 Acción\nAt el  start de tu próximo turno, +1.\dWhen anoel r player plays an Attack carta, puedes play this de tu mano. (+1 Acción has no effect if it's not tu turn.)"
Champion,Adventures,Action-Duration,0,$6*,"+1 Action\nFor the rest of the game, when another player plays an Attack, it doesn't affect you, and when you play an Action, +1 Action.\n(This stays in play. This is not in the Supply.)",0,"+1 Acción\nFo el  rest de el  game, when anoel r player plays an Attack, it doesn't affect tú, y when tú play an Acción, +1 Acción.\n(This stays in play. Esa no está en el Suministro.)"
Coin of the Realm,Adventures,Treasure-Reserve,1,$2,"Worth $1\nWhen you play this, put it on your Tavern mat.\dDirectly after resolving an Action, you may call this, for +2 Actions.",0,"Woth $1\nCuyo juegas esa, put it en tu Tavern mat.\dDirectly after resolving an Acción, puedes call this, po +2 Accienes."
Disciple,Adventures,Action-Traveller,0,$5*,"You may play an Action card from your hand twice. Gain a copy of it.\dWhen you discard this from play, you may exchange it for a Teacher.\n(This is not in the Supply.)",0,"Puedes play an cartuna de Acción de tu mano twice. Ganuna una copy de it.\dWhen tú descartuna this de play, puedes exchange it po una Teacher.\n(Esa no está en el Suministro.)"
Distant Lands,Adventures,Action-Reserve-Victory,1,$5,Put this on your Tavern mat.\dWorth 4VP if on your Tavern mat at the end of the game (otherwise worth 0VP).,0,Put this en tu Tavern mat.\dWoth 4VP if en tu Tavern mat at el  end de el  game (oel rwise woth 0VP).
Dungeon,Adventures,Action-Duration,1,$3,"+1 Action\nNow and at the start of your next turn: +2 Cards, then discard 2 cards.",0,"+1 Acción\nNow y at el  start de tu próximo turno: +2 Cartas, luego descartuna 2 cartas."
Duplicate,Adventures,Action-Reserve,1,$4,"Put this on your Tavern mat.\dWhen you gain a card costing up to $6, you may call this, to gain a copy of that card.",0,"Put this en tu Tavern mat.\dWhen tú ganuna una cartuna costing up a $6, puedes call this, a ganuna una copy de that carta."
Expedition,Adventures,Event,0,$3,Draw 2 extra cards for your next hand.,0,Robuna 2 extruna cartas po tu next mano.
Ferry,Adventures,Event,0,$3,"Move your -$2 cost token to an Action Supply pile (cards from that pile cost $2 less on your turns, but not less than $0).",0,"Move tu -$2 cost aken a an Acción Suministro pile (cartas de that pile cost $2 less en tu turns, but not less than $0)."
Fugitive,Adventures,Action-Traveller,0,$4*,"+2 Cards\n+1 Action\nDiscard a card.\dWhen you discard this from play, you may exchange it for a Disciple.\n(This is not in the Supply.)",0,"+2 Cartas\n+1 Acción\nDescartuna una carta.\dWhen tú descartuna this de play, puedes exchange it po una Disciple.\n(Esa no está en el Suministro.)"
Gear,Adventures,Action-Duration,1,$3,"+2 Cards\nSet aside up to 2 cards from your hand face down. At the start of your next turn, put them into your hand.",0,"+2 Cartas\nApartuna up a 2 cartas de tu mano face down. At el  start de tu próximo turno, put el m en tu mano."
Giant,Adventures,Action-Attack,1,$5,"Turn your Journey token over (it starts face up). If it's face down, +$1. If it's face up, +$5, and each other player reveals the top card of his deck, trashes it if it costs from $3 to $6, and otherwise discards it and gains a Curse.",0,"Turn tu Journey aken over (it starts face up). If it's face down, +1. If it's face up, +5, y caduna otro jugado revelas el  cartuna superio de his mazo, eliminares it if it costs de $3 a $6, y oel rwise descartas it y ganas una Maldición."
Guide,Adventures,Action-Reserve,1,$3,"+1 Card\n+1 Action\nPut this on your Tavern mat.\dAt the start of your turn, you may call this, to discard your hand and draw 5 cards.",0,"+1 Carta\n+1 Acción\nPut this en tu Tavern mat.\dAl comienzo de tu turno, puedes call this, a descartuna tu mano y robuna 5 cartas."
Haunted Woods,Adventures,Action-Attack-Duration,1,$5,"Until you next turn, when any other player buys a card, he puts his hand on top of his deck in any order.\nAt the start of your next turn:\n+3 Cards",0,"Until tú próximo turno, when any oel r player buys una carta, he puts his mano en ap de his mazo in any oder.\nAt el  start de tu próximo turno:\n+3 Cartas"
Hero,Adventures,Action-Traveller,0,$5*,"+$2\nGain a Treasure.\dWhen you discard this from play, you may exchange it for a Champion.\n(This is not in the Supply.)",0,"+2\nGanuna una Tesoo.\dWhen tú descartuna this de play, puedes exchange it po una Champien.\n(Esa no está en el Suministro.)"
Hireling,Adventures,Action-Duration,1,$6,At the start of each of your turns for the rest of the game:\d+1 Card\d(This stays in play.),0,At el  start de each de tu turns po el  rest de el  game:\d+1 Carta\d(This stays in play.)
Inheritance,Adventures,Event,0,$7,Once per game: Set aside a non-Victory Action card from the Supply costing up to $4. Move your Estate token to it (your Estates gain the abilities and types of that card).,0,Once per game: Apartuna una nen-Vicaiuna cartuna de Acción de el Suministro costing up a $4. Move tu Fincuna aken a it (tu Fincas ganuna el  abilities y types de that carta).
Lost Arts,Adventures,Event,0,$5,"Move your +1 Action token to an Action Supply pile (when you play a card from that pile, you first get +1 Action).",0,"Move tu +1 Acción aken a an Acción Suministro pile (when tú play una cartuna de that pile, tú first get +1 Acción)."
Lost City,Adventures,Action,1,$5,"+2 Cards\n+2 Actions\dWhen you gain this, each other player draws a card.",0,"+2 Cartas\n+2 Accienes\dCuyo ganas esa, caduna otro jugado robas una carta."
Magpie,Adventures,Action,1,$4,"+1 Card\n+1 Action\nReveal the top card of your deck. If it's a Treasure, put it into your hand. If it's an Action or Victory card, gain a Magpie.",0,"+1 Carta\n+1 Acción\nReveluna el  cartuna superio de tu mazo. If it's una Tesoo, put it en tu mano. If it's an Acción o cartuna de Vicaia, ganuna una Magpie."
Messenger,Adventures,Action,1,$4,"+1 Buy\n+$2\nYou may put your deck into your discard pile.\dWhen this is your first buy in a turn, gain a card costing up to $4, and each other player gains a copy of it.",0,"+1 Compra\n+2\nPuedes put tu mazo en tu descartuna pile.\dWhen this is tu first buy in una turn, ganuna una cartuna costing up a $4, y caduna otro jugado ganuna una copy de it."
Miser,Adventures,Action,1,$4,Choose one: Put a Copper from your hand onto your Tavern mat; or +$1 per Copper on your Tavern mat.,0,Elige una: Put una Cobre de tu mano en tu Tavern mat; o +1 per Cobre en tu Tavern mat.
Mission,Adventures,Event,0,$4,"Once per turn: If the previous turn wasn't yours, take another turn after this one, in which you can't buy cards.",0,"Once per turn: If el  previous turn wasn't tus, take anoel r turn after this ene, in which tú can't buy cartas."
Page,Adventures,Action-Traveller,1,$2,"+1 Card\n+1 Action\dWhen you discard this from play, you may exchange it for a Treasure Hunter.",0,"+1 Carta\n+1 Acción\dWhen tú descartuna this de play, puedes exchange it po una Tesoo Hunter."
Pathfinding,Adventures,Event,0,$8,"Move your +1 Card token to an Action Supply pile (when you play a card from that pile, you first get +1 Card).",0,"Move tu +1 Cartuna aken a an Acción Suministro pile (when tú play una cartuna de that pile, tú first get +1 Carta)."
Peasant,Adventures,Action-Traveller,1,$2,"+1 Buy\n+$1\dWhen you discard this from play, you may exchange it for a Soldier.",0,"+1 Compra\n+1\dWhen tú descartuna this de play, puedes exchange it po una Soldier."
Pilgrimage,Adventures,Event,0,$4,"Once per turn: Turn your Journey token over (it starts face up); then if it's face up, choose up to 3 differently named cards you have in play and gain a copy of each.",0,"Once per turn: Turn tu Journey aken over (it starts face up); luego if it's face up, choose up a 3 differently named cartas tú have in play y ganuna una copy de each."
Plan,Adventures,Event,0,$3,"Move your Trashing token to an Action Supply pile (when you buy a card from that pile, you may trash a card from your hand.)",0,"Move tu Eliminaring aken a an Acción Suministro pile (when tú buy una cartuna de that pile, puedes eliminar una cartuna de tu mano.)"
Port,Adventures,Action,1,$4,"+1 Card\n+2 Actions\dWhen you buy this, gain another Port.",0,"+1 Carta\n+2 Accienes\dWhen tú buy this, ganuna anoel r Pot."
Quest,Adventures,Event,0,$0,"You may discard an Attack, two Curses, or six cards. If you do, gain a Gold.",0,"Puedes descartuna an Attack, two Maldicións, o six cartas. Si lo haces, ganuna una Oro."
Raid,Adventures,Event,0,$5,Gain a Silver per Silver you have in play. Each other player puts his -1 Card token on his deck.,0,Ganuna una Platuna per Platuna tú have in play. Each oel r player puts his -1 Cartuna aken en his mazo.
Ranger,Adventures,Action,1,$4,"+1 Buy\nTurn your Journey token over (it starts face up). If it's face up, +5 Cards.",0,"+1 Compra\nTurn tu Journey aken over (it starts face up). If it's face up, +5 Cartas."
Ratcatcher,Adventures,Action-Reserve,1,$2,"+1 Card\n+1 Action\nPut this on your Tavern mat.\dAt the start of your turn, you may call this to trash a card from your hand.",0,"+1 Carta\n+1 Acción\nPut this en tu Tavern mat.\dAl comienzo de tu turno, puedes call this a eliminar una cartuna de tu mano."
Raze,Adventures,Action,1,$2,+1 Action\nTrash this or a card from your hand. Look at a number of cards from the top of your deck equal to the cost in $ of the trashed card. Put one into your hand and discard the rest.,0,+1 Acción\nEliminar this o una cartuna de tu mano. Look at una number de cartas de luna parte superio de tu mazo equal a el  cost in $ de el  eliminaduna carta. Put ene en tu mano y descartuna el  rest.
Relic,Adventures,Treasure-Attack,1,$5,"Worth $2\nWhen you play this, each other player puts his -1 Card token on his deck.",0,"Woth $2\nCuyo juegas esa, caduna otro jugado puts his -1 Cartuna aken en his mazo."
Royal Carriage,Adventures,Action-Reserve,1,$5,"+1 Action\nPut this on your Tavern mat.\dDirectly after resolving an Action, if it's still in play, you may call this, to replay that Action.",0,"+1 Acción\nPut this en tu Tavern mat.\dDirectly after resolving an Acción, if it's still in play, puedes call this, a replay that Acción."
Save,Adventures,Event,0,$1,"+1 Buy\nOnce per turn: Set aside a card from your hand, and put it into your hand at end of turn (after drawing).",0,"+1 Compra\nOnce per turn: Apartuna una cartuna de tu mano, y put it en tu mano at end de turn (after robaing)."
Scouting Party,Adventures,Event,0,$2,+1 Buy\nLook at the top 5 cards of your deck. Discard 3 of them and put the rest back on top of your deck in any order.,0,+1 Compra\nLook at el  5 cartas superioes de tu mazo. Descartuna 3 de el m y put el  rest back en ap de tu mazo in any oder.
Seaway,Adventures,Event,0,$5,"Gain an Action card costing up to $4. Move your +1 Buy token to its pile (when you play a card from that pile, you first get +1 Buy).",0,"Ganuna an cartuna de Acción costing up a $4. Move tu +1 Compruna aken a its pile (when tú play una cartuna de that pile, tú first get +1 Compra)."
Soldier,Adventures,Action-Attack-Traveller,0,$3*,"+$2\n+$1 per other Attack you have in play. Each other player with 4 or more cards in hand discards a card.\dWhen you discard this from play, you may exchange it for a Fugitive.\n(This is not in the Supply)",0,"+2\n+1 per oel r Attack tú have in play. Each oel r player cen 4 o moe cartas in mano descartas una carta.\dWhen tú descartuna this de play, puedes exchange it po una Fugitive.\n(This is not in el Suministro)"
Storyteller,Adventures,Action,1,$5,+1 Action\n+$1\nPlay up to 3 Treasures from your hand. Pay all of your $; +1 Card per $ paid.,0,+1 Acción\n+1\nPlay up a 3 Tesoos de tu mano. Pay all de tu $; +1 Cartuna per $ paid.
Swamp Hag,Adventures,Action-Attack-Duration,1,$5,"Until your next turn, when any other player buys a card, he gains a Curse.\nAt the start of your next turn:\n+$3",0,"Until tu próximo turno, when any oel r player buys una carta, he ganas una Maldición.\nAt el  start de tu próximo turno:\n+3"
Teacher,Adventures,Action-Reserve,0,$6*,"Put this on your Tavern mat.\dAt the start of your turn, you may call this, to move your +1 Card, +1 Action, +1 Buy, or +$1 token to an Action Supply pile you have no token on (when you play a card from that pile you first get that bonus).\n(This is not in the Supply.)",0,"Put this en tu Tavern mat.\dAl comienzo de tu turno, puedes call this, a move tu +1 Carta, +1 Acción, +1 Compra, o +1 aken a an Acción Suministro pile tú have no aken en (when tú play una cartuna de that pile tú first get that benus).\n(Esa no está en el Suministro.)"
Trade,Adventures,Event,0,$5,Trash up to 2 cards from your hand.\nGain a Silver per card you trashed.,0,Eliminar up a 2 cartas de tu mano.\nGanuna una Platuna per cartuna tú eliminada.
Training,Adventures,Event,0,$6,"Move your +$1 token to an Action Supply pile (when you play a card from that pile, you first get +$1).",0,"Move tu +1 aken a an Acción Suministro pile (when tú play una cartuna de that pile, tú first get +1)."
Transmogrify,Adventures,Action-Reserve,1,$4,"+1 Action\nPut this on your Tavern mat.\nAt the start of your turn, you may call this, to trash a card from your hand, gain a card costing up to $1 more than it, and put that card into your hand.",0,"+1 Acción\nPut this en tu Tavern mat.\nAl comienzo de tu turno, puedes call this, a eliminar una cartuna de tu mano, ganuna una cartuna costing up a $1 moe than it, y put that cartuna en tu mano."
Travelling Fair,Adventures,Event,0,$2,"+2 Buys\nWhen you gain a card this turn, you may put it on top of your deck.",0,"+2 Compras\nWhen tú ganuna una cartuna este turno, puedes put it en ap de tu mazo."
Treasure Hunter,Adventures,Action-Traveller,0,$3*,"+1 Action\n+$1\nGain a Silver per card the player to your right gained in his last turn.\dWhen you discard this from play, you may exchange it for a Warrior.\n(This is not in the Supply.)",0,"+1 Acción\n+1\nGanuna una Platuna per cartuna el  player a tu right ganaduna in his last turn.\dWhen tú descartuna this de play, puedes exchange it po una Warrio.\n(Esa no está en el Suministro.)"
Treasure Trove,Adventures,Treasure,1,$5,"Worth $2\nWhen you play this, gain a Gold and a Copper.",0,"Es una Carta de Tesoro de valor 2 MONEDAS, como la “Plata”. Mientras esté en juego, cada vez que compres una Carta de Victoria, ganas una Carta de “Oro” del Suministro, que pones en tu Pila de Descartes. Obviamente, si no quedan “Oros” en el Suministro, no ganas ninguno."
Warrior,Adventures,Action-Attack-Traveller,0,$4*,"+2 Cards\nFor each Traveller you have in play (including this) each other player discards the top card of his deck and trashes it if it costs $3 or $4.\dWhen you discard this from play, you may exchange it for a Hero.\n(This is not in the Supply.)",0,"+2 Cartas\nFo each Traveller tú have in play (including this) caduna otro jugado descartas el  cartuna superio de his mazo y eliminares it if it costs $3 o $4.\dWhen tú descartuna this de play, puedes exchange it po una Hero.\n(Esa no está en el Suministro.)"
Wine Merchant,Adventures,Action-Reserve,1,$5,"+1 Buy\n+$4\nPut this on your Tavern mat.\dAt the end of your Buy phase, if you have at least $2 unspent, you may discard this from your Tavern mat.",0,"+1 Compra\n+4\nPut this en tu Tavern mat.\dAt el  end de tu Buy phase, if tú have at least $2 unspent, puedes descartuna this de tu Tavern mat."
City Quarter,Empires,Action,1,$0,+2 Actions\nReveal your hand. +1 Card per Action card revealed.,0,+2 Accienes\nReveluna tu mano. +1 Cartuna per cartuna de Acción revelada.
Engineer,Empires,Action,1,$0,"Gain a card costing up to 4 Coins. You may trash this. If you do, gain a card costing up to 4 Coins.",0,"Ganuna una cartuna costing up a 4 Coins. Puedes eliminar this. Si lo haces, ganuna una cartuna costing up a 4 Coins."
Overlord,Empires,Action,1,$0,Play this as if it were an Action card in the Supply costing up to 5 Coins. This is that card until it leaves play.,0,Play this as if it were an cartuna de Acción in el Suministro costing up a 5 Coins. This is that cartuna until it leaves play.
Royal Blacksmith,Empires,Action,1,$0,+5 Cards\nReveal your hand; discard the Coppers.,0,+5 Cartas\nReveluna tu mano; descartuna el  Cobres.
Encampment/Plunder,Empires,Action,1,$2,"This pile starts the game with 5 copies of Encampment on top, then 5 copies of Plunder. Only the top card of the pile can be gained or bought.",0,"This pile starts el  game cen 5 copies de Encampment en ap, luego 5 copies de Plunder. Only el  cartuna superio de el  pile can be ganaduna o bought."
Patrician/Emporium,Empires,Action,1,$2,"This pile starts the game with 5 copies of Patrician on top, then 5 copies of Emporium. Only the top card of the pile can be gained or bought.",0,"This pile starts el  game cen 5 copies de Patrician en ap, luego 5 copies de Empoium. Only el  cartuna superio de el  pile can be ganaduna o bought."
Settlers/Bustling Village,Empires,Action,1,$2,"This pile starts the game with 5 copies of Settlers on top, then 5 copies of Bustling Village. Only the top card of the pile can be gained or bought.",0,"This pile starts el  game cen 5 copies de Settlers en ap, luego 5 copies de Bustling Village. Only el  cartuna superio de el  pile can be ganaduna o bought."
Castles,Empires,Victory-Castle,1,$3,"Sort the castle pile by cost, putting the more expensive Castles on the bottom. For a 2-player game, use only one of each Castle. Only the top card of the pile may be gained or bought.",0,"Sot el  castle pile by cost, putting el  moe expensive Castles en el  botam. Fo una 2-player game, use enly ene de each Castle. Only el  cartuna superio de el  pile may be ganaduna o bought."
Catapult/Rocks,Empires,Action-Attack,1,$3,"This pile starts the game with 5 copies of Catapult on top, then 5 copies of Rocks. Only the top card of the pile can be gained or bought.",0,"This pile starts el  game cen 5 copies de Catapult en ap, luego 5 copies de Rocks. Only el  cartuna superio de el  pile can be ganaduna o bought."
Chariot Race,Empires,Action,1,$3,+1 Action,0,+1 Acción
Enchantress,Empires,Action-Attack-Duration,1,$3,"Until your next turn, the first time each other player plays an Action card on their turn, they get +1 Card and +1 Action instead of following its instructions.\nAt the start of your next turn,\n+1 Cards",0,"Until tu próximo turno, el  first time caduna otro jugado plays an cartuna de Acción en el ir turn, el y get +1 Cartuna y +1 Acción instead de following its instructiens.\nAt el  start de tu próximo turno,\n+1 Cartas"
Farmer's Market,Empires,Action-Gathering,1,$3,"+1 Buy\nIf there are 4 Victory or more on the Farmer's Market Supply pile, take them and trash this. Otherwise, add 1 Victory to the pile and then +1 Coin per 1 Victory on the pile.",0,"+1 Compra\nIf el re are 4 Vicaiuna o moe en el  Farmer's Market Suministro pile, take el m y eliminar this. Oel rwise, add 1 Vicaiuna a el  pile y luego +1 Coin per 1 Vicaiuna en el  pile."
Gladiator/Fortune,Empires,Action,1,$3,"This pile starts the game with 5 copies of Gladiator on top, then 5 copies of Fortune. Only the top card of the pile can be gained or bought.",0,"This pile starts el  game cen 5 copies de Gladiaa en ap, luego 5 copies de Fotune. Only el  cartuna superio de el  pile can be ganaduna o bought."
Sacrifice,Empires,Action,1,$4,"Trash a card from your hand. If it's an\nAction card, +1 Cards, +2 Actions\nTreasure card, +2 Coins\nVictory card, +2 Victory",0,"Eliminar una cartuna de tu mano. If it's an\ncartuna de Acción, +1 Cartas, +2 Accienes\ncartuna de Tesoo, +2 Coins\ncartuna de Vicaia, +2 Vicaia"
Temple,Empires,Action-Gathering,1,$4,"+1 Victory\nTrash from 1 to 3 differently named cards from your hand. Add 1 Victory to the Temple Supply pile.\dWhen you gain this, take all the Victory from the Temple Supply pile.",0,"+1 Vicaia\nEliminar de 1 a 3 differently named cartas de tu mano. Add 1 Vicaiuna a el  Temple Suministro pile.\dCuyo ganas esa, take all el  Vicaiuna de el  Temple Suministro pile."
Villa,Empires,Action,1,$4,"+2 Actions\n+1 Buy\n+1 Coin\dWhen you gain this, put it into your hand, +1 Action, and if it's your Buy phase return to your Action phase.",0,"+2 Accienes\n+1 Compra\n+1 Coin\dCuyo ganas esa, put it en tu mano, +1 Acción, y if it's tu Buy phase return a tu Acción phase."
Archive,Empires,Action-Duration,1,$5,"+1 Action\nSet aside the top 3 cards of your deck face down (you may look at them). Now and at the start of your next two turns, put one into your hand.",0,"+1 Acción\nApartuna el  3 cartas superioes de tu mazo face down (puedes look at el m). Now y at el  start de tu next two turns, put ene en tu mano."
Capital,Empires,Treasure,1,$5,"6 Coins\n+1 Buy\dWhen you discard this from play, take 6 Debt, and then you may pay off Debt.",0,"6 Coins\n+1 Compra\dWhen tú descartuna this de play, take 6 Debt, y luego puedes pay def Debt."
Charm,Empires,Treasure,1,$5,"When you play this, choose one: +1 Buy and +2 Coins; or the next time you buy a card this turn, you may also gain a differently named card with the same cost.",0,"Cuyo juegas esa, choose ene: +1 Compruna y +2 Coins; o el  next time tú buy una cartuna este turno, puedes also ganuna una differently named cartuna cen el  same cost."
Crown,Empires,Action-Treasure,1,$5,"If it's your Action phase, you may play an Action from your hand twice. If it's your Buy phase, you may play a Treasure from your hand twice.",0,"If it's tu Acción phase, puedes play an Acción de tu mano twice. If it's tu Buy phase, puedes play una Tesoo de tu mano twice."
Forum,Empires,Action,1,$5,"+1 Card\n+1 Action\nDiscard 2 cards.\dWhen you buy this, +1 Buy.",0,"+1 Carta\n+1 Acción\nDescartuna 2 cartas.\dWhen tú buy this, +1 Compra."
Groundskeeper,Empires,Action,1,$5,"+1 Card\n+1 Action\dWhile this is in play, when you gain a Victory card, +1 Victory.",0,"+1 Carta\n+1 Acción\dWhile this is in play, when tú ganuna una cartuna de Vicaia, +1 Vicaia."
Legionary,Empires,Action-Attack,1,$5,"+3 Coins\nYou may reveal a Gold from your hand. If you do, each other player discards down to 2 cards in hand, then draws a card.",0,"+3 Coins\nPuedes reveluna una Oro de tu mano. Si lo haces, caduna otro jugado descartas down a 2 cartas in mano, luego robas una carta."
Wild Hunt,Empires,Action-Gathering,1,$5,"Choose one: +3 Cards and add 1 Victory to the Wild Hunt Supply pile; or gain an Estate, and if you do, take the Victory from the pile.",0,"Elige una: +3 Cartas y add 1 Vicaiuna a el  Wild Hunt Suministro pile; o ganuna an Finca, y si lo haces, take el  Vicaiuna de el  pile."
Advance,Empires,Event,0,$0,"You may trash an Action card from your hand. If you do, gain an Action card costing up to 6 Coins.",0,"Puedes eliminar an cartuna de Acción de tu mano. Si lo haces, ganuna an cartuna de Acción costing up a 6 Coins."
Annex,Empires,Event,0,$0,Look through your discard pile. Shuffle all but up to 5 cards from it into your deck. Gain a Duchy.,0,Look through tu descartuna pile. Shuffle all but up a 5 cartas de it en tu mazo. Ganuna una Ducado.
Donate,Empires,Event,0,$0,"After this turn, put all cards from your deck and discard pile into your hand, trash any number, shuffle your hand into your deck, then draw 5 cards.",0,"After este turno, put all cartas de tu mazo y descartuna pile en tu mano, eliminar any number, shuffle tu mano en tu mazo, luego robuna 5 cartas."
Triumph,Empires,Event,0,$0,"Gain an Estate.\nIf you did, +1 Victory per card you've gained this turn.",0,"Ganuna an Finca.\nIf tú did, +1 Vicaiuna per cartuna tú've ganaduna este turno."
Delve,Empires,Event,0,$2,+1 Buy\nGain a Silver.,0,+1 Compra\nGanuna una Plata.
Tax,Empires,Event,0,$2,"Add 2 Debt to a Supply pile.\dSetup: Add 1 Debt to each Supply pile. When a player buys a card, they take the Debt from its pile.",0,"Add 2 Debt a una Suministro pile.\dPreparación: Add 1 Debt a each Suministro pile. When una player buys una carta, el y take el  Debt de its pile."
Banquet,Empires,Event,0,$3,Gain 2 Coppers and a non-Victory card costing up to 5 Coins.,0,Ganuna 2 Cobres y una nen-cartuna de Vicaiuna costing up a 5 Coins.
Ritual,Empires,Event,0,$4,"Gain a Curse. If you do, trash a card from your hand. +1 Victory per 1 Coin it cost.",0,"Ganuna una Maldición. Si lo haces, eliminar una cartuna de tu mano. +1 Vicaiuna per 1 Coin it cost."
Salt the Earth,Empires,Event,0,$4,+1 Victory\nTrash a Victory card from the Supply.,0,+1 Vicaia\nEliminar una cartuna de Vicaiuna de el Suministro.
Wedding,Empires,Event,0,$4,+1 Victory\nGain a Gold.,0,+1 Vicaia\nGanuna una Oro.
Windfall,Empires,Event,0,$5,"If your deck and discard pile are empty, gain 3 Golds.",0,"If tu mazo y descartuna pile are empty, ganuna 3 Oros."
Conquest,Empires,Event,0,$6,Gain 2 Silvers.\n+1 Victory per Silver you've gained this turn.,0,Ganuna 2 Platas.\n+1 Vicaiuna per Platuna tú've ganaduna este turno.
Dominate,Empires,Event,0,$14,"Gain a Province. If you do, +9 Victory",0,"Ganuna una Provincia. Si lo haces, +9 Vicaia"
Aqueduct,Empires,Landmark,0,$0,"When you gain a Treasure, move 1 Victory from its pile to this.\nWhen you gain a Victory card, take the Victory from this.\dSetup: Put 8 Victory on the Silver and Gold piles.",0,"When tú ganuna una Tesoo, move 1 Vicaiuna de its pile a this.\nWhen tú ganuna una cartuna de Vicaia, take el  Vicaiuna de this.\dPreparación: Put 8 Vicaiuna en el  Platuna y Oro piles."
Arena,Empires,Landmark,0,$0,"At the start of your Buy phase, you may discard an Action card. If you do, take 2 Victory from here.\dSetup: Put 6 Victory here per player.",0,"At el  start de tu Buy phase, puedes descartuna an cartuna de Acción. Si lo haces, take 2 Vicaiuna de here.\dPreparación: Put 6 Vicaiuna here per player."
Bandit Fort,Empires,Landmark,0,$0,"When scoring, -2 Victory for each Silver and each Gold you have.",0,"When scoing, -2 Vicaiuna po each Platuna y each Oro tú have."
Basilica,Empires,Landmark,0,$0,"When you buy a card, if you have 2 Coins or more left, take 2 Victory from here.\dSetup: Plus 6 Victory here per player.",0,"When tú buy una carta, if tú have 2 Coins o moe left, take 2 Vicaiuna de here.\dPreparación: Plus 6 Vicaiuna here per player."
Baths,Empires,Landmark,0,$0,"When you end your turn without having gained a card, take 2 Victory from here.\dSetup: Put 6 Victory here per player.",0,"When tú end tu turn cenout having ganaduna una carta, take 2 Vicaiuna de here.\dPreparación: Put 6 Vicaiuna here per player."
Battlefield,Empires,Landmark,0,$0,"When you gain a Victory card, take 2 Victory from here.\dSetup: Put 6 Victory here per player.",0,"When tú ganuna una cartuna de Vicaia, take 2 Vicaiuna de here.\dPreparación: Put 6 Vicaiuna here per player."
Colonnade,Empires,Landmark,0,$0,"When you buy an Action card, if you have a copy of it in play, take 2 Victory from here.\dSetup: Put 6 Victory here per player.",0,"When tú buy an cartuna de Acción, if tú have una copy de it in play, take 2 Vicaiuna de here.\dPreparación: Put 6 Vicaiuna here per player."
Defiled Shrine,Empires,Landmark,0,$0,"When you gain an Action, move 1 Victory from its pile to this. When you buy a Curse, take the Victory from this.\dSetup: Put 2 Victory on each non-Gathering Action Supply pile.",0,"When tú ganuna an Acción, move 1 Vicaiuna de its pile a this. When tú buy una Maldición, take el  Vicaiuna de this.\dPreparación: Put 2 Vicaiuna en each nen-Gael ring Acción Suministro pile."
Fountain,Empires,Landmark,0,$0,"When scoring, 15 Victory if you have at least 10 Coppers.",0,"When scoing, 15 Vicaiuna if tú have at least 10 Cobres."
Keep,Empires,Landmark,0,$0,"When scoring, 5 Victory per differently named Treasure you have, that you have more copies of than each other player, or tied for most.",0,"When scoing, 5 Vicaiuna per differently named Tesoo tú have, that tú have moe copies de than caduna otro jugado, o tied po most."
Labyrinth,Empires,Landmark,0,$0,"When you gain a 2nd card in one of your turns, take 2 Victory from here.\dSetup: Put 6 Victory here per player.",0,"When tú ganuna una 2nd cartuna in ene de tu turns, take 2 Vicaiuna de here.\dPreparación: Put 6 Vicaiuna here per player."
Mountain Pass,Empires,Landmark,0,$0,"When you are the first player to gain a Province, after that turn, each player bids once, up to 40 Debt, ending with you. High bidder gets +8 Victory and takes the Debt they bid.",0,"When tú are el  first player a ganuna una Provincia, after that turn, each player bids ence, up a 40 Debt, ending cen tú. High bidder gets +8 Vicaiuna y takes el  Debt el y bid."
Museum,Empires,Landmark,0,$0,"When scoring, 2 Victory per differently named card you have.",0,"When scoing, 2 Vicaiuna per differently named cartuna tú have."
Obelisk,Empires,Landmark,0,$0,"When scoring, 2 Victory per card you have from the chosen pile.\dSetup: Choose a random Action Supply pile.",0,"When scoing, 2 Vicaiuna per cartuna tú have de el  chosen pile.\dPreparación: Choose una ryom Acción Suministro pile."
Orchard,Empires,Landmark,0,$0,"When scoring, 4 Victory per differently named Action card you have 3 or more copies of.",0,"When scoing, 4 Vicaiuna per differently named cartuna de Acción tú have 3 o moe copies de."
Palace,Empires,Landmark,0,$0,"When scoring, 3 Victory per set you have of Copper-Silver-Gold.",0,"When scoing, 3 Vicaiuna per set tú have de Cobre-Plata-Oro."
Tomb,Empires,Landmark,0,$0,"When you trash a card, +1 Victory.",0,"When tú eliminar una carta, +1 Vicaia."
Tower,Empires,Landmark,0,$0,"When scoring, 1 Victory per non-Victory card you have from an empty Supply pile.",0,"When scoing, 1 Vicaiuna per nen-cartuna de Vicaiuna tú have de an empty Suministro pile."
Triumphal Arch,Empires,Landmark,0,$0,"When scoring, 3 Victory per copy you have of the 2nd most common Action card among your cards (if it's a tie, count either).",0,"When scoing, 3 Vicaiuna per copy tú have de el  2nd most commen cartuna de Acción ameng tu cartas (if it's una tie, count eiel r)."
Wall,Empires,Landmark,0,$0,"When scoring, -1 Victory per card you have after the first 15.",0,"When scoing, -1 Vicaiuna per cartuna tú have after el  first 15."
Wolf Den,Empires,Landmark,0,$0,"When scoring, -3 Victory per card you have exactly one copy of.",0,"When scoing, -3 Vicaiuna per cartuna tú have exactly ene copy de."
Druid,Nocturne,Action-Fate,1,$2,"+1 Buy\nReceive one of the set aside, Boons, leaving it there.\dSetup: Set aside the top 3 Boons, face-up.",0,"+1 Compra\nReceive ene de el  aparta, Boens, leaving it el re.\dPreparación: Apartuna luna parte superio 3 Boens, face-up."
Faithful Hound,Nocturne,Action-Reaction,1,$2,"+2 Cards\dWhen you discard this other than during Clean-up, you may set it aside, and put it into your hand at end of turn.",0,"+2 Cartas\dWhen tú descartuna this oel r than during Clean-up, puedes apártala, y put it en tu mano at end de turn."
Guardian,Nocturne,Night-Duration,1,$2,"Until your next turn, when another player plays an Attack card, it doesnt affect you. At the start of your next turn, +$1.\dThis is gained to your hand (instead of your discard pile).",0,"Until tu próximo turno, when anoel r player plays an Attack carta, it doesnt affect tú. At el  start de tu próximo turno, +1.\dThis is ganaduna a tu mano (instead de tu descartuna pile)."
Monastery,Nocturne,Night,1,$2,"For each card youve gained this turn, you may trash a card from your hand or a Copper you have in play.",0,"Fo each cartuna túve ganaduna este turno, puedes eliminar una cartuna de tu mano o una Cobre tú have in play."
Pixie,Nocturne,Action-Fate,1,$2,+1 Card\n+1 Action\nDiscard the top Boon. You may trash this to receive that Boon twice.\n(When this is in the supply each player replaces one starting copper with Heirloom: Goat),0,+1 Carta\n+1 Acción\nDescartuna luna parte superio Boen. Puedes eliminar this a receive that Boen twice.\n(When this is in el  suministro each player replaces ene starting copper cen Heirloom: Goat)
Goat,Nocturne,Treasure-Heirloom,1,$2,"Worth $1\nWhen you play this, you may trash a card from your hand.",0,"Woth $1\nCuyo juegas esa, puedes eliminar una cartuna de tu mano."
Tracker,Nocturne,Action-Fate,1,$2,"+$1.\nReceive a Boon.\nWhile this is in play, when you gain a card, you may put that card onto your deck.\n(When this is in the supply each player replaces one starting copper with Heirloom: Pouch)",0,"+1.\nReceive una Boen.\nWhile this is in play, when tú ganuna una carta, puedes put that cartuna en tu mazo.\n(When this is in el  suministro each player replaces ene starting copper cen Heirloom: Pouch)"
Pouch,Nocturne,Treasure-Heirloom,1,$2,$1\n+1 Buy,0,$1\n+1 Compra
Changeling,Nocturne,Night,1,$3,"$3\nNight\nTrash this. Gain a copy of a card you have in play.\dIn games using this, when you gain a card costing $3 or more, you may exchange it for a Changeling.",0,"$3\nNight\nEliminar this. Ganuna una copy de una cartuna tú have in play.\dIn games using this, when tú ganuna una cartuna costing $3 o moe, puedes exchange it po una Changeling."
Fool,Nocturne,Action-Fate,1,$3,"If you arent the player with Lost in the Woods, take it, take 3 Boons, and receive the Boons in any order.\n(When this is in the supply each player replaces one starting copper with Heirloom: Lucky Coin)",0,"If tú arent el  player cen Lost in el  Woods, take it, take 3 Boens, y receive el  Boens in any oder.\n(When this is in el  suministro each player replaces ene starting copper cen Heirloom: Lucky Coin)"
Lucky Coin,Nocturne,Treasure-Heirloom,1,$3,"Worth $1\nWhen you play this, gain a Silver.",0,"Woth $1\nCuyo juegas esa, ganuna una Plata."
Ghost Town,Nocturne,Night-Duration,1,$3,"At the start of your next turn, +1 Card and +1 Action.\dThis is gained to your hand (instead of your discard pile).",0,"At el  start de tu próximo turno, +1 Cartuna y +1 Acción.\dThis is ganaduna a tu mano (instead de tu descartuna pile)."
Leprechaun,Nocturne,Action-Doom,1,$3,"Gain a Gold. If you have exactly 7 cards, gain a Wish from its pile. Otherwise, receive a Hex.",0,"Ganuna una Oro. If tú have exactly 7 cartas, ganuna una Wish de its pile. Oel rwise, receive una Hex."
Night Watchman,Nocturne,Night,1,$3,"Look at the top 5 cards of your deck, discard any number, and put the rest back in any order.\dThis is gained to your hand (instead of your discard pile).",0,"Look at el  5 cartas superioes de tu mazo, descartuna any number, y put el  rest back in any oder.\dThis is ganaduna a tu mano (instead de tu descartuna pile)."
Secret Cave,Nocturne,Action-Duration,1,$3,"+1 Card\n+1 Action\nYou may discard 3 cards. If you did, then at the start of your next turn: +$3.\n(When this is in the supply each player replaces one starting copper with Heirloom: Magic Lamp)",0,"+1 Carta\n+1 Acción\nPuedes descartuna 3 cartas. If tú did, luego at el  start de tu próximo turno: +3.\n(When this is in el  suministro each player replaces ene starting copper cen Heirloom: Magic Lamp)"
Magic Lamp,Nocturne,Treasure-Heirloom,1,$0,"$1\dWhen you play this, if there are at least 6 cards that you have exactly 1 copy of in play, trash this. If you do, gain 3 Wishes from their pile.",0,"$1\dCuyo juegas esa, if el re are at least 6 cartas that tú have exactly 1 copy de in play, eliminar this. Si lo haces, ganuna 3 Wishes de el ir pile."
Bard,Nocturne,Action-Fate,1,$4,+$2\nReceive a Boon.,0,+2\nReceive una Boen.
Blessed Village,Nocturne,Action-Fate,1,$4,"+1 Card\n+1 Action\nWhen you gain this, take a Boon. Receive it now or at the start of your next turn.",0,"+1 Carta\n+1 Acción\nCuyo ganas esa, take una Boen. Receive it now o at el  start de tu próximo turno."
Cemetery,Nocturne,Victory,1,$4,"Worth 2VP\dWhen you gain this, trash up to 4 cards from your hand.\n(When this is in the supply each player replaces one starting copper with Heirloom: Haunted Mirror)",0,"Woth 2VP\dCuyo ganas esa, eliminar up a 4 cartas de tu mano.\n(When this is in el  suministro each player replaces ene starting copper cen Heirloom: Haunted Mirro)"
Haunted Mirror,Nocturne,Treasure-Heirloom,1,$0,"Worth $1\dWhen you trash this, you may discard an Action card, to gain a Ghost from its pile.",0,"Woth $1\dWhen tú eliminar this, puedes descartuna an cartuna de Acción, a ganuna una Ghost de its pile."
Conclave,Nocturne,Action,1,$4,"+$2.\nYou may play an Action card from your hand that you dont have a copy of in play. If you do, +1 Action.",0,"+2.\nPuedes play an cartuna de Acción de tu mano that tú dent have una copy de in play. Si lo haces, +1 Acción."
Devils Workshop,Nocturne,Night,1,$4,"If the number of cards you gained this turn is:\n2+, gain an Imp from its pile;\n1, gain a card costing up to $4;\n0 gain a Gold.",0,"If el  number de cartas tú ganaduna este turno is:\n2+, ganuna an Imp de its pile;\n1, ganuna una cartuna costing up a $4;\n0 ganuna una Oro."
Exorcist,Nocturne,Night,1,$4,Trash a card from your hand. Gain a cheaper Spirit from one of the Spirit Piles.,0,Eliminar una cartuna de tu mano. Ganuna una cheaper Spirit de ene de el  Spirit Piles.
Necromancer,Nocturne,Action,1,$4,Play a face-up non-Duration Action card from the trash leaving it there and turning it face down for the turn.\dSetup: Put the 3 Zombies into the trash.,0,Play una face-up nen-Duratien cartuna de Acción de el  eliminar leaving it el re y turning it face down po el  turn.\dPreparación: Put el  3 Zombies en el  eliminar.
Zombie Apprentice,Nocturne,Action-Zombie,1,$3,You may trash an Action card from your hand for +3 Cards and +1 Action.,0,Puedes eliminar an cartuna de Acción de tu mano po +3 Cartas y +1 Acción.
Zombie Mason,Nocturne,Action-Zombie,1,$3,Trash the top card of your deck. You may gain a card costing up to $1 more than it.,0,Eliminar el  cartuna superio de tu mazo. Puedes ganuna una cartuna costing up a $1 moe than it.
Zombie Spy,Nocturne,Action-Zombie,1,$3,+1 Card\n+1 Action\nLook at the top card of your deck. Discard it or put it back.,0,+1 Carta\n+1 Acción\nLook at el  cartuna superio de tu mazo. Descartuna it o put it back.
Shepherd,Nocturne,Action,1,$4,"+1 Action\nDiscard any number of Victory cards, revealing them. +2 Cards per card discarded.\n(When this is in the supply each player replaces one starting copper with Heirloom: Pasture)",0,"+1 Acción\nDescartuna any number de cartuna de Vicaias, revelaing el m. +2 Cartas per cartuna descartada.\n(When this is in el  suministro each player replaces ene starting copper cen Heirloom: Pasture)"
Pasture,Nocturne,Treasure-Victory-Heirloom,1,$2,Worth $1\dWorth 1VP per Estate you have.,0,Woth $1\dWoth 1VP per Fincuna tú have.
Skulk,Nocturne,Action-Attack-Doom,1,$4,"+1 Buy\nEach other player receives the next Hex.\dWhen you gain this, gain a Gold.",0,"+1 Compra\nEach oel r player receives el  next Hex.\dCuyo ganas esa, ganuna una Oro."
Cobbler,Nocturne,Night-Duration,1,$5,"At the start of your next turn, gain a card to hand costing up to $4.",0,"At el  start de tu próximo turno, ganuna una cartuna a mano costing up a $4."
Crypt,Nocturne,Night-Duration,1,$5,"Set aside any number of Treasures you have in play (under this). While any remain, at the start of each of your turns, put one of them into your hand.",0,"“Cualquier número” incluye el cero. Primero, robas las 2 Cartas. Luego, puedes descartar cualquier número de Cartas de tu mano, incluso las Cartas que acabas de robar, para ganar + 1 MONEDA por cada Carta descartada. Cada uno de los demás jugadores debe decidir si descarta 2 Cartas o no. Si descarta las 2 Cartas , roba una Carta."
Cursed Village,Nocturne,Action-Doom,1,$5,"+2 Actions\nDraw until you have 6 cards in hand.\dWhen you gain this, receive a Hex.",0,"+2 Accienes\nRobuna until tú have 6 cartas in mano.\dCuyo ganas esa, receive una Hex."
Den of Sin,Nocturne,Night-Duration,1,$5,At the start of your next turn: +2 Cards.\dThis is gained to your hand (instead of your discard pile).,0,At el  start de tu próximo turno: +2 Cartas.\dThis is ganaduna a tu mano (instead de tu descartuna pile).
Idol,Nocturne,Treasure-Attack-Fate,1,$5,"When you play this, if you then have an odd number of Idols in play, receive a Boon; if an even number, each other player gains a Curse.",0,"Cuyo juegas esa, if tú luego have an odd number de Idols in play, receive una Boen; if an even number, caduna otro jugado ganuna una Maldición."
Pooka,Nocturne,Action,1,$5,You may trash a Treasure other than Cursed Gold from your hand for +4 Cards.\n(When this is in the supply each player replaces one starting copper with Heirloom: Cursed Gold),0,Puedes eliminar una Tesoo oel r than Maldiciónd Oro de tu mano po +4 Cartas.\n(When this is in el  suministro each player replaces ene starting copper cen Heirloom: Maldiciónd Oro)
Cursed Gold,Nocturne,Treasure-Heirloom,1,$4,"Worth $3\nWhen you play this, gain a Curse.",0,"Woth $3\nCuyo juegas esa, ganuna una Maldición."
Sacred Grove,Nocturne,Action-Fate,1,$5,"+1 Buy\n+$3\nReceive a Boon. If it doesnt give +$1, each other player may receive it.",0,"+1 Compra\n+3\nReceive una Boen. If it doesnt give +1, caduna otro jugado may receive it."
Tormentor,Nocturne,Action-Attack-Doom,1,$5,"+$2\nIf you have no other cards in play, gain an Imp from its pile. Otherwise, each other player receives the next Hex.",0,"+2\nIf tú have no oel r cartas in play, ganuna an Imp de its pile. Oel rwise, caduna otro jugado receives el  next Hex."
Tragic Hero,Nocturne,Action,1,$5,"+3 Cards\n+1 Buy\nIf you have 8 or more cards in hand (after drawing), trash this and gain a Treasure.",0,"+3 Cartas\n+1 Compra\nIf tú have 8 o moe cartas in mano (after robaing), eliminar this y ganuna una Tesoo."
Vampire,Nocturne,Night-Attack-Doom,1,$5,Each other player receives the next Hex. Gain a card costing up to $5 other than a Vampire. Exchange this for a Bat.,0,Each oel r player receives el  next Hex. Ganuna una cartuna costing up a $5 oel r than una Vampire. Exchange this po una Bat.
Bat,Nocturne,Night,0,$2*,"Trash up to 2 cards from your hand. If you trashed at least one, exchange this for a Vampire.\n(This is not in the Supply.)",0,"Eliminar up a 2 cartas de tu mano. If tú eliminaduna at least ene, exchange this po una Vampire.\n(Esa no está en el Suministro.)"
Werewolf,Nocturne,Action-Attack-Night-Doom,1,$5,"If its your Night phase, each other player receives the next Hex. Otherwise, +3 Cards.",0,"If its tu Night phase, caduna otro jugado receives el  next Hex. Oel rwise, +3 Cartas."
Raider,Nocturne,Night-Attack-Duration,1,$6,"Each other player with 5 or more cards in hand discards a copy of a card you have in play (or reveals they cant).\nAt the start of your next turn, +$3",0,"Each oel r player cen 5 o moe cartas in mano descartas una copy de una cartuna tú have in play (o revelas el y cant).\nAt el  start de tu próximo turno, +3"
Wish,Nocturne,Action,0,$0*,"+1 Action\nReturn this to its pile. If you did, gain a card to your hand costing up to $6.\n(This is not in the Supply.)",0,"+1 Acción\nReturn this a its pile. If tú did, ganuna una cartuna a tu mano costing up a $6.\n(Esa no está en el Suministro.)"
Will-O-Wisp,Nocturne,Action-Spirit,0,$0*,"+1 Card\n+1 Action\nReveal the top card of your deck. If it costs $2 or less, put it into your hand.\n(This is not in the Supply.)",0,"+1 Carta\n+1 Acción\nReveluna el  cartuna superio de tu mazo. If it costs $2 o less, put it en tu mano.\n(Esa no está en el Suministro.)"
Imp,Nocturne,Action-Spirit,1,$2*,+2 Cards\nYou may play an Action card from your hand that you dont have a copy of in play.\n(This is not in the supply).,0,+2 Cartas\nPuedes play an cartuna de Acción de tu mano that tú dent have una copy de in play.\n(This is not in el  suministro).
Ghost,Nocturne,Night-Duration-Spirit,0,$4*,"Reveal cards from your deck until you reveal an Action. Discard the other cards and set aside the Action. At the start of your next turn, play it twice.\n(This is not in the Supply.)",0,"Reveluna cartas de tu mazo until tú reveluna an Acción. Descartuna el  oel r cartas y apartuna el  Acción. At el  start de tu próximo turno, play it twice.\n(Esa no está en el Suministro.)"
The Earth's Gift,Nocturne,Boon,0,0,You may discard a Treasure card to gain a card costing up to $4.,0,Puedes descartuna una cartuna de Tesoo a ganuna una cartuna costing up a $4.
The Field's Gift,Nocturne,Boon,0,0,+1 Action\n+$1\n(Keep this until Clean-up.),0,+1 Acción\n+1\n(Keep this until Clean-up.)
The Flame's Gift,Nocturne,Boon,0,0,You may trash a card from your hand.,0,Puedes eliminar una cartuna de tu mano.
The Forest's Gift,Nocturne,Boon,0,0,+1 Buy\n+1 $1\n(Keep this until Clean-up.),0,+1 Compra\n+1 $1\n(Keep this until Clean-up.)
The Moon's Gift,Nocturne,Boon,0,0,"Look through your discard pile, you may put a card from it onto your deck.",0,"Look through tu descartuna pile, puedes put una cartuna de it en tu mazo."
The Mountain's Gift,Nocturne,Boon,0,0,Gain a Silver.,0,Ganuna una Plata.
The River's Gift.,Nocturne,Boon,0,0,+1 Card at the end of this turn.\n(Keep this until Clean-up.),0,+1 Cartuna at el  end de este turno.\n(Keep this until Clean-up.)
The Sea's Gift,Nocturne,Boon,0,0,+1 Card.,0,+1 Carta.
The Sky's Gift,Nocturne,Boon,0,0,You may discard 3 cards to gain a Gold.,0,Puedes descartuna 3 cartas a ganuna una Oro.
The Sun's Gift,Nocturne,Boon,0,0,Look at the top 4 cards of your deck. Discard any number of them and put the rest back in any order.,0,Look at el  4 cartas superioes de tu mazo. Descartuna any number de el m y put el  rest back in any oder.
The Swamp's Gift,Nocturne,Boon,0,0,Gain a Will-O-Wisp from its pile.,0,Ganuna una Will-O-Wisp de its pile.
The Wind's Gift,Nocturne,Boon,0,0,+2 Cards. Discard 2 cards.,0,+2 Cartas. Descartuna 2 cartas.
Bad Omens,Nocturne,Hex,0,0,Put your deck into your discard pile. Look through it and put 2 Coppers from it onto your deck (or reveal you cant.),0,Put tu mazo en tu descartuna pile. Look through it y put 2 Cobres de it en tu mazo (o reveluna tú cant.)
Delusion,Nocturne,Hex,0,0,"If you dont have Deluded or Envious, take Deluded.",0,"Si lo hacesnt have Deluded o Envious, take Deluded."
Deluded,Nocturne,State,0,0,"At the start of your Buy phase, return this, and you cant buy Actions this turn.",0,"At el  start de tu Buy phase, return this, y tú cant buy Accións este turno."
Envy,Nocturne,Hex,0,0,"If you dont have Envious or Deluded, take Envious.",0,"Si lo hacesnt have Envious o Deluded, take Envious."
Envious,Nocturne,State,0,0,"At the start of your Buy phase, return this, and Silver and Gold make $1 this turn.",0,"At el  start de tu Buy phase, return this, y Platuna y Oro make $1 este turno."
Famine,Nocturne,Hex,0,0,Reveal the top 3 cards of your deck. Discard the Actions. Shuffle the rest into your deck.,0,Reveluna el  3 cartas superioes de tu mazo. Descartuna el  Accións. Shuffle el  rest en tu mazo.
Fear,Nocturne,Hex,0,0,"If you have at least 5 cards in hand, discard an Action or Treasure (or reveal you cant.)",0,"If tú have at least 5 cartas in mano, descartuna an Acción o Tesoo (o reveluna tú cant.)"
Greed,Nocturne,Hex,0,0,Gain a Copper onto your deck.,0,Ganuna una Cobre en tu mazo.
Haunting,Nocturne,Hex,0,0,"If you have at least 4 cards in hand, put one of them onto your deck.",0,"If tú have at least 4 cartas in mano, put ene de el m en tu mazo."
Locusts,Nocturne,Hex,0,0,"Trash the top card of your deck. If its Copper or Estate, gain a Curse. Otherwise, gain a cheaper card that shares a type with it.",0,"Eliminar el  cartuna superio de tu mazo. If its Cobre o Finca, ganuna una Maldición. Oel rwise, ganuna una cheaper cartuna that shares una type cen it."
Misery,Nocturne,Hex,0,0,"If this is your first Misery this game, take Miserable. Otherwise, flip it over to Twice Miserable.",0,"If this is tu first Misery this game, take Miserable. Oel rwise, flip it over a Twice Miserable."
Miserable,Nocturne,State,0,0,Worth -2VP,0,Woth -2VP
Twice Miserable,Nocturne,State,0,0,Worth -4VP,0,Woth -4VP
Plague,Nocturne,Hex,0,0,Gain a Curse to your hand.,0,Ganuna una Maldición a tu mano.
Poverty,Nocturne,Hex,0,0,Discard down to 3 cards in hand.,0,Descartuna down a 3 cartas in mano.
War,Nocturne,Hex,0,0,Reveal cards from your deck until revealing one costing $3 or $4. Trash it and discard the rest.,0,Reveluna cartas de tu mazo until revelaing ene costing $3 o $4. Eliminar it y descartuna el  rest.
Lost in the Woods,Nocturne,State,0,0,"At the start of your turn, you may discard a card to receive a Boon.",0,"Al comienzo de tu turno, puedes descartuna una cartuna a receive una Boen."
Border Guard,Renaissance,Action,1,$2,"Reveal the top 2 cards of your deck. Put one into your hand and discard the other. If both were Actions, take the Lantern or Horn.",0,"Reveluna el  2 cartas superioes de tu mazo. Put ene en tu mano y descartuna el  oel r. If both were Accións, take el  Lantern o Hen."
Ducat,Renaissance,Treasure,1,$2,"+1 Coffers\n+1 Buy\dWhen you gain this, you may trash a Copper from your hand.",0,"+1 Cdefers\n+1 Compra\dCuyo ganas esa, puedes eliminar una Cobre de tu mano."
Lackeys,Renaissance,Action,1,$2,"+2 Cards\dWhen you gain this, +2 Villagers.",0,"+2 Cartas\dCuyo ganas esa, +2 Villagers."
Acting Troupe,Renaissance,Action,1,$3,+4 Villagers\nTrash this.,0,+4 Villagers\nEliminar this.
Cargo Ship,Renaissance,Action-Duration,1,$3,"+$2\nOnce this turn, when you gain a card, you may set it aside face up (on this). At the start of your next turn, put it into your hand.",0,"+2\nOnce este turno, when tú ganuna una carta, puedes apártaluna face up (en this). At el  start de tu próximo turno, put it en tu mano."
Experiment,Renaissance,Action,1,$3,"+2 Cards\n+1 Action\nReturn this to the supply.\dWhen you gain this, gain another Experiment (that doesnt come with another).",0,"+2 Cartas\n+1 Acción\nReturn this a el  suministro.\dCuyo ganas esa, ganuna anoel r Experiment (that doesnt come cen anoel r)."
Improve,Renaissance,Action,1,$3,"+$2\dAt the start of Clean-up, you may trash an Action card you would discard from play this turn, to gain a card costing exactly $1 more than it.",0,"+2\dAt el  start de Clean-up, puedes eliminar an cartuna de Acción tú would descartuna de play este turno, a ganuna una cartuna costing exactly $1 moe than it."
Flag Bearer,Renaissance,Action,1,$4,"+$2\dWhen you gain or trash this, take the Flag.",0,"+2\dWhen tú ganuna o eliminar this, take el  Flag."
Hideout,Renaissance,Action,1,$4,"+1 Card\n+2 Actions\nTrash a card from your hand. If its a Victory card, gain a Curse.",0,"+1 Carta\n+2 Accienes\nEliminar una cartuna de tu mano. If its una cartuna de Vicaia, ganuna una Maldición."
Inventor,Renaissance,Action,1,$4,"Gain a card costing up to $4, then cards cost $1 less this turn (but not less than $0).",0,"Ganuna una cartuna costing up a $4, luego cartas cost $1 less este turno (but not less than $0)."
Mountain Village,Renaissance,Action,1,$4,"+2 Actions\nLook through your discard pile and put a card from it into your hand; if you cant, +1 Card.",0,"+2 Accienes\nLook through tu descartuna pile y put una cartuna de it en tu mano; if tú cant, +1 Carta."
Patron,Renaissance,Action-Reaction,1,$4,"+1 Villager\n+$2\dWhen something causes you to reveal this (using the word reveal), +1 Coffers.",0,"+1 Villager\n+2\dWhen something causes tú a reveluna this (using el  wod revela), +1 Cdefers."
Priest,Renaissance,Action,1,$4,"+$2\nTrash a card from your hand. For the rest of this turn, when you trash a card, +$2.",0,"+2\nEliminar una cartuna de tu mano. Fo el  rest de este turno, when tú eliminar una carta, +2."
Research,Renaissance,Action-Duration,1,$4,"+1 Action\nTrash a card from your hand. Per $1 it costs, set aside a card from your deck face down (on this). At the start of your next turn, put those cards into your hand.",0,"+1 Acción\nEliminar una cartuna de tu mano. Per $1 it costs, apartuna una cartuna de tu mazo face down (en this). At el  start de tu próximo turno, put those cartas en tu mano."
Silk Merchant,Renaissance,Action,1,$4,"+2 Cards\n+1 Buy\dWhen you gain or trash this, +1 Coffers and +1 Villager.",0,"+2 Cartas\n+1 Compra\dWhen tú ganuna o eliminar this, +1 Cdefers y +1 Villager."
Old Witch,Renaissance,Action-Attack,1,$5,+3 Cards\nEach other player gains a Curse and may trash a Curse from their hand.,0,+3 Cartas\nEach oel r player ganas una Maldición y may eliminar una Maldición de el ir mano.
Recruiter,Renaissance,Action,1,$5,+2 Cards\nTrash a card from your hand. +1 Villager per $1 it costs.,0,+2 Cartas\nEliminar una cartuna de tu mano. +1 Villager per $1 it costs.
Scepter,Renaissance,Treasure,1,$5,"When you play this, chose one: +$2; or replay an Action card you played this turn thats still in play.",0,"Cuyo juegas esa, chose ene: +2; o replay an cartuna de Acción tú played este turno thats still in play."
Scholar,Renaissance,Action,1,$5,Discard your hand.\n+7 Cards.,0,Descartuna tu mano.\n+7 Cartas.
Sculptor,Renaissance,Action,1,$5,"Gain a card to your hand costing up to $4. If its a Treasure, +1 Villager.",0,"Ganuna una cartuna a tu mano costing up a $4. If its una Tesoo, +1 Villager."
Seer,Renaissance,Action,1,$5,+1 Card\n+1 Action\nReveal the top 3 cards of your deck. Put the ones costing from $2 to $4 into your hand. Put the rest back in any order.,0,+1 Carta\n+1 Acción\nReveluna el  3 cartas superioes de tu mazo. Put el  enes costing de $2 a $4 en tu mano. Put el  rest back in any oder.
Spices,Renaissance,Treasure,1,$5,"$2\n+1 Buy\dWhen you gain this, +2 Coffers.",0,"$2\n+1 Compra\dCuyo ganas esa, +2 Cdefers."
Swashbuckler,Renaissance,Action,1,$5,"+3 Cards\nIf your discard pile has any cards in it: +1 Coffers, then if you have at least 4 Coffers tokens, take the Treasure Chest.",0,"+3 Cartas\nIf tu descartuna pile has any cartas in it: +1 Cdefers, luego if tú have at least 4 Cdefers akens, take el  Tesoo Chest."
Treasurer,Renaissance,Action,1,$5,+$3\nChoose one: Trash a Treasure from your hand; or gain a Treasure from the trash to your hand; or take the Key.,0,+3\nElige una: Eliminar una Tesoo de tu mano; o ganuna una Tesoo de el  eliminar a tu mano; o take el  Key.
Villain,Renaissance,Action-Attack,1,$5,+2 Coffers\nEach other player with 5 or more cards in hand discards one costing $2 or more (or reveals they cant).,0,+2 Cdefers\nEach oel r player cen 5 o moe cartas in mano descartas ene costing $2 o moe (o revelas el y cant).
Flag,Renaissance,Artifact,0,0,"When drawing your hand, +1 Card.",0,"When robaing tu mano, +1 Carta."
Horn,Renaissance,Artifact,0,0,"Once per turn, when you discard a Border Guard from play, you may put it onto your deck.",0,"Once per turn, when tú descartuna una Boder Guard de play, puedes put it en tu mazo."
Key,Renaissance,Artifact,0,0,"At the start of your turn, +$1.",0,"Al comienzo de tu turno, +1."
Lantern,Renaissance,Artifact,0,0,Your Border Guards reveal 3 cards and discard 2. (It takes all 3 being Actions to take the Horn.),0,Túr Boder Guards reveluna 3 cartas y descartuna 2. (It takes all 3 being Accións a take el  Hen.)
Treasure Chest,Renaissance,Artifact,0,0,"At the start of your Buy phase, gain a Gold.",0,"At el  start de tu Buy phase, ganuna una Oro."
Cathedral,Renaissance,Project,0,$3,"At the start of your turn, trash a card from your hand.",0,"Al comienzo de tu turno, eliminar una cartuna de tu mano."
City Gate,Renaissance,Project,0,$3,"At the start of your turn, +1 Card, then put a card from your hand onto your deck.",0,"Al comienzo de tu turno, +1 Carta, luego put una cartuna de tu mano en tu mazo."
Pageant,Renaissance,Project,0,$3,"At the end of your Buy phase, you may pay $1 for +1 Coffers.",0,"At el  end de tu Buy phase, puedes pay $1 po +1 Cdefers."
Sewers,Renaissance,Project,0,$3,"When you trash a card other than with this, you may trash a card from your hand.",0,"When tú eliminar una cartuna oel r than cen this, puedes eliminar una cartuna de tu mano."
Start Chart,Renaissance,Project,0,$3,"When you shuffle, you may pick one of the cards to go on top.",0,"When tú shuffle, puedes pick ene de el  cartas a go en ap."
Exploration,Renaissance,Project,0,$4,"At the end of your Buy phase, if you didnt buy any cards, +1 Coffers and +1 Villager.",0,"At el  end de tu Buy phase, if tú didnt buy any cartas, +1 Cdefers y +1 Villager."
Fair,Renaissance,Project,0,$4,"At the start of your turn, +1 Buy.",0,"Al comienzo de tu turno, +1 Compra."
Silos,Renaissance,Project,0,$4,"At the start of your turn, discard any number of Coppers, revealed, and draw that many cards.",0,"Al comienzo de tu turno, descartuna any number de Cobres, revelada, y robuna that many cartas."
Sinister Plot,Renaissance,Project,0,$4,"At the start of your turn, add a token here, or remove your tokens here for +1 Card each.",0,"Al comienzo de tu turno, add una aken here, o remove tu akens here po +1 Cartuna each."
Academy,Renaissance,Project,0,$5,"When you gain an Action card, +1 Villager.",0,"When tú ganuna an cartuna de Acción, +1 Villager."
Capitalism,Renaissance,Project,0,$5,"During your turns, Actions with +$ amounts in their text are also Treasures.",0,"During tu turns, Accións cen +$ amounts in el ir text are also Tesoos."
Fleet,Renaissance,Project,0,$5,"After the game ends, theres an extra round of turns just for players with this.",0,"After el  game ends, el res an extruna round de turns just po players cen this."
Guildhall,Renaissance,Project,0,$5,"When you gain a Treasure, +1 Coffers.",0,"When tú ganuna una Tesoo, +1 Cdefers."
Piazza,Renaissance,Project,0,$5,"At the start of your turn, reveal the top card of your deck. If its an Action, play it.",0,"Al comienzo de tu turno, reveluna el  cartuna superio de tu mazo. If its an Acción, play it."
Road Network,Renaissance,Project,0,$5,"When another player gains a Victory card, +1 Card.",0,"When anoel r player ganas una cartuna de Vicaia, +1 Carta."
Barracks,Renaissance,Project,0,$6,"At the start of your turn, +1 Action.",0,"Al comienzo de tu turno, +1 Acción."
Crop Rotation,Renaissance,Project,0,$6,"At the start of your turn, you may discard a Victory card for +2 Cards.",0,"Al comienzo de tu turno, puedes descartuna una cartuna de Vicaiuna po +2 Cartas."
Innovation,Renaissance,Project,0,$6,"The first time you gain an Action card in each of your turns, you may set it aside. If you do, play it.",0,"El  first time tú ganuna an cartuna de Acción in each de tu turns, puedes apártala. Si lo haces, play it."
Canal,Renaissance,Project,0,$7,"During your turns, cards cost $1 less, but not less than $0.",0,"During tu turns, cartas cost $1 less, but not less than $0."
Citadel,Renaissance,Project,0,$8,"The first time you play an Action card during each of your turns, play it again afterwards.",0,"El  first time tú play an cartuna de Acción during each de tu turns, play it aganuna afterwards."
